id,name,type,chapter,composite,subtasks,daily_level,camp,occupation,min_prestige,sns,can_giveup,can_help,can_loop,max_loop,time_limit,accept_itemid,snpc,enpc,stalk,etalk,pcon,pack,task_accept,task_down ,task_reward,pre_tid,next_tid,min_lv,max_lv,kill_cdt,item_cdt,use_item,r_exp,r_silver,r_gold,r_jade,r_prestige,r_item,r_master,r_conjugal,r_integral,r_point,can_entrust,entrust_token,entrust_silver,entrust_gold,entrust_time
10001,初入封神,1,,0,,0,,,,0,0,0,0,0,0,0,200000001,200000001,"[{200000001:""{player},你怎么才来.你也是此番下凡历劫的众仙将之一,你可知道?""},{0:""我委实不甚了解.此话怎解?下凡为何?何劫之有?""},{200000001:""一切的矛盾源自一场无量量劫…...""}]","[{200000001:""宇宙的第一场浩劫:无量量劫即将到来.量劫不是宇宙毁灭,因此每次量劫来临都可以通过消耗世界中修士力量的方式来渡过.但是每次经过量劫都会留下一部分损害天道平衡的负能量,而无数个量劫之后这种负能量就会膨胀到世界无法承受的地步,一旦爆发,整个世界都会毁灭.一旦事发于此,只有道祖鸿钧,老子,元始天尊,通天教主,女娲,接引道人,准提道人等6位圣人可以幸免于难.所以此番被派下凡,定是你具有卓越出众的能力.""}]",,,0,0,0,0,2,1,0,,,,,,,,,,,,,,0,,,,
10002,大难临头,1,,0,,0,1,,,0,0,0,0,0,0,0,200000001,200000002,"[{200000001:""六位圣人都不想无量量劫真正到来,但是只有化身天道的鸿钧才有可能阻止这一史无前例的灾难的到来.""},{0:""尊师也不能阻止?""},{200000001:""自然是不能,鸿钧是天道的化身,鸿钧才是天道,但是天道却不是鸿钧,某种意义上,鸿钧已经部分超脱了天道,有不可思议的能力,其他圣人远远无法相比,他们都要受天道的约束.""},{0:""眼目下,我可以做些什么?""},{200000001:""我只是天上小仙,面对如此浩劫,本已然不知如何是好,又怎敢教化{player}大仙你呢?""}]","[{200000002:""徒儿, 你可来了.下凡之事迫在眉睫,为师要交代者众,你且要一一铭记.此武器予你傍身,你可要收好.""}]","{200000001:""你怎么还杵在这,还不赶紧过去找你师傅.""}",,0,0,0,1,3,2,0,,,,,,,,,,,,,,0,,,,
10003,大难临头,1,,0,,0,2,,,0,0,0,0,0,0,0,200000001,200000003,"[{200000001:""六位圣人都不想无量量劫真正到来,但是只有化身天道的鸿钧才有可能阻止这一史无前例的灾难的到来.""},{0:""尊师也不能阻止?""},{200000001:""自然是不能,鸿钧是天道的化身,鸿钧才是天道,但是天道却不是鸿钧,某种意义上,鸿钧已经部分超脱了天道,有不可思议的能力,其他圣人远远无法相比,他们都要受天道的约束.""},{0:""眼目下,我可以做些什么?""},{200000001:""我只是天上小仙,面对如此浩劫,本已然不知如何是好,又怎敢教化{player}大仙你呢?""}]","[{200000003:""徒儿, 你可来了.下凡之事迫在眉睫,为师要交代者众,你且要一一铭记.此武器予你傍身,你可要收好.""}]","{200000001:""你怎么还杵在这,还不赶紧过去找你师傅.""}",,0,0,0,1,3,2,0,,,,,,,,,,,,,,0,,,,
10004,大难临头,1,,0,,0,3,,,0,0,0,0,0,0,0,200000001,200000004,"[{200000001:""六位圣人都不想无量量劫真正到来,但是只有化身天道的鸿钧才有可能阻止这一史无前例的灾难的到来.""},{0:""尊师也不能阻止?""},{200000001:""自然是不能,鸿钧是天道的化身,鸿钧才是天道,但是天道却不是鸿钧,某种意义上,鸿钧已经部分超脱了天道,有不可思议的能力,其他圣人远远无法相比,他们都要受天道的约束.""},{0:""眼目下,我可以做些什么?""},{200000001:""我只是天上小仙,面对如此浩劫,本已然不知如何是好,又怎敢教化{player}大仙你呢?""}]","[{200000004:""徒儿, 你可来了.下凡之事迫在眉睫,为师要交代者众,你且要一一铭记.此武器予你傍身,你可要收好.""}]","{200000001:""你怎么还杵在这,还不赶紧过去找你师傅.""}",,0,0,0,1,3,2,0,,,,,,,,,,,,,,0,,,,
10005,神兵在手,1,,0,,0,1,,,0,0,0,0,0,0,0,200000002,200000002,"[{200000002:""徒儿,此番下凡,鸿钧势在必行,为师却也无能为力.这次无量量劫非同小可,你乃我元始天尊得意门生,我定不想你成为封神榜上的一员.""},{0:""尊师此言怎解?""},{200000002:""鸿钧阻止无量量劫的方法就是封神,封得365位诸天正神（必须是法力高强的大神通者）,构成周天星斗大阵,以他们的真灵封入大阵中,以补全天地流失的灵气,消耗负能量,补全天道.""},{0:""徒儿还是一知半解.难道这封神便意味着死亡?""},{200000002:""虽然不是肉体的销毁.但封神以后,真灵被封.被封真灵的人法力,道行都会停留在封神之前的水平,再也不能进步.这对于一个修道之人来说,这无异于宣告他真正的死亡.因此,无论是上榜者本身还是上榜者的门人,教主,自然都不愿接受此结果.""}]","[{200000002:""工欲善其事,必先利其器.这虽非神兵宝剑,可也总比赤手空拳有保证.""}]","{200000002:""怎么还不将武器装上?""}",,0,0,0,2,4,3,0,,,,,,,,,,,,,,0,,,,
10006,神兵在手,1,,0,,0,2,,,0,0,0,0,0,0,0,200000003,200000003,"[{200000003:""徒儿,此番下凡,鸿钧势在必行,为师却也无能为力.这次无量量劫非同小可,你乃我元始天尊得意门生,我定不想你成为封神榜上的一员.""},{0:""尊师此言怎解?""},{200000003:""鸿钧阻止无量量劫的方法就是封神,封得365位诸天正神（必须是法力高强的大神通者）,构成周天星斗大阵,以他们的真灵封入大阵中,以补全天地流失的灵气,消耗负能量,补全天道.""},{0:""徒儿还是一知半解.难道这封神便意味着死亡?""},{200000003:""虽然不是肉体的销毁.但封神以后,真灵被封.被封真灵的人法力,道行都会停留在封神之前的水平,再也不能进步.这对于一个修道之人来说,这无异于宣告他真正的死亡.因此,无论是上榜者本身还是上榜者的门人,教主,自然都不愿接受此结果.""}]","[{200000003:""工欲善其事,必先利其器.这虽非神兵宝剑,可也总比赤手空拳有保证.""}]","{200000003:""怎么还不将武器装上?""}",,0,0,0,2,4,3,0,,,,,,,,,,,,,,0,,,,
10007,神兵在手,1,,0,,0,3,,,0,0,0,0,0,0,0,200000004,200000004,"[{200000004:""徒儿,此番下凡,鸿钧势在必行,为师却也无能为力.这次无量量劫非同小可,你乃我元始天尊得意门生,我定不想你成为封神榜上的一员.""},{0:""尊师此言怎解?""},{200000004:""鸿钧阻止无量量劫的方法就是封神,封得365位诸天正神（必须是法力高强的大神通者）,构成周天星斗大阵,以他们的真灵封入大阵中,以补全天地流失的灵气,消耗负能量,补全天道.""},{0:""徒儿还是一知半解.难道这封神便意味着死亡?""},{200000004:""虽然不是肉体的销毁.但封神以后,真灵被封.被封真灵的人法力,道行都会停留在封神之前的水平,再也不能进步.这对于一个修道之人来说,这无异于宣告他真正的死亡.因此,无论是上榜者本身还是上榜者的门人,教主,自然都不愿接受此结果.""}]","[{200000004:""工欲善其事,必先利其器.这虽非神兵宝剑,可也总比赤手空拳有保证.""}]","{200000004:""怎么还不将武器装上?""}",,0,0,0,2,4,3,0,,,,,,,,,,,,,,0,,,,
10008,全副武装,1,,0,,0,1,,,0,0,0,0,0,0,0,200000002,200000005,"[{200000002:""都道人心险恶.明抢易挡,暗箭难防.只有活下来,方可祈求不败.""},{0:""尊师所言甚是.""},{200000002:""我已经让牡丹仙子为你准备了一身保护装,快到她哪儿领取吧.""}]","[{200000005:""想不到阐教教主也是如此心思细密之人.这是他嘱咐我给你的衣衫,礼轻情重,望你能感受此份恩情.""}]","{200000002:""虽不是锦衣,但愿也能护你人间无恙.快去找牡丹吧.""}",,0,0,0,3,5,4,0,,,,,,,,,,,,,,0,,,,
10009,全副武装,1,,0,,0,2,,,0,0,0,0,0,0,0,200000003,200000005,"[{200000003:""都道人心险恶.明抢易挡,暗箭难防.只有活下来,方可祈求不败.""},{0:""尊师所言甚是.""},{200000003:""我已经让牡丹仙子为你准备了一身保护装,快到她哪儿领取吧.""}]","[{200000005:""想不到截教教主也是如此心思细密之人.这是他嘱咐我给你的衣衫,礼轻情重,望你能感受此份恩情.""}]","{200000003:""虽不是锦衣,但愿也能护你人间无恙.快去找牡丹吧.""}",,0,0,0,3,5,4,0,,,,,,,,,,,,,,0,,,,
10010,全副武装,1,,0,,0,3,,,0,0,0,0,0,0,0,200000004,200000005,"[{200000004:""都道人心险恶.明抢易挡,暗箭难防.只有活下来,方可祈求不败.""},{0:""尊师所言甚是.""},{200000004:""我已经让牡丹仙子为你准备了一身保护装,快到她哪儿领取吧.""}]","[{200000005:""想不到西方教教主也是如此心思细密之人.这是他嘱咐我给你的衣衫,礼轻情重,望你能感受此份恩情.""}]","{200000004:""虽不是锦衣,但愿也能护你人间无恙.快去找牡丹吧.""}",,0,0,0,3,5,4,0,,,,,,,,,,,,,,0,,,,
10011,全副武装2,1,,0,,0,,,,0,0,0,0,0,0,0,200000005,200000005,"[{200000005:""凡间有句话叫人靠衣装,下界凡人见你衣衫冠整,对你也会尊重尤加.""},{0:""多谢仙子提醒.""},{200000005:""快穿上我给你的衣服,看看合不合身?""}]","[{200000005:""看你英姿飒爽,仪表堂堂,阐教教主果然眼光不凡,别忘了要把下装和头盔也穿上.""}]","{200000005:""无论天上还是下界,衣冠都是很重要的.""}",,0,0,0,3,5,4,0,,,,,,,,,,,,,,0,,,,
10012,传授神功1,1,,0,,0,1,,,0,0,0,0,0,0,0,200000005,200000002,"[{200000005:""为了这次无量量劫,天界下派的仙人众多.为了公平起见,每人一套新衣服,所以姐妹们只有日夜赶工,也算是对你们的一番心意.""},{0:""有劳仙子了,待他日封神归来,再向仙子道谢.""},{200000005:""对了,你们教主让我告诉你,领完衣服后就速速回去找他.""}]","[{200000002:""徒儿,看你一身打扮,想必牡丹仙子也下了不少功夫.给,这是本教仙术.""}]","{200000005:""你教主找你必有要事,你速速去吧.""}",,0,0,0,4,6,5,0,,,,,,,,,,,,,,0,,,,
10013,传授神功1,1,,0,,0,2,,,0,0,0,0,0,0,0,200000005,200000003,"[{200000005:""为了这次无量量劫,天界下派的仙人众多.为了公平起见,每人一套新衣服,所以姐妹们只有日夜赶工,也算是对你们的一番心意.""},{0:""有劳仙子了,待他日封神归来,再向仙子道谢.""},{200000005:""对了,你们教主让我告诉你,领完衣服后就速速回去找他.""}]","[{200000003:""徒儿,看你一身打扮,想必牡丹仙子也下了不少功夫.给,这是本教仙术.""}]","{200000005:""你教主找你必有要事,你速速去吧.""}",,0,0,0,4,6,5,0,,,,,,,,,,,,,,0,,,,
10014,传授神功1,1,,0,,0,3,,,0,0,0,0,0,0,0,200000005,200000004,"[{200000005:""为了这次无量量劫,天界下派的仙人众多.为了公平起见,每人一套新衣服,所以姐妹们只有日夜赶工,也算是对你们的一番心意.""},{0:""有劳仙子了,待他日封神归来,再向仙子道谢.""},{200000005:""对了,你们教主让我告诉你,领完衣服后就速速回去找他.""}]","[{200000004:""徒儿,看你一身打扮,想必牡丹仙子也下了不少功夫.给,这是本教仙术.""}]","{200000005:""你教主找你必有要事,你速速去吧.""}",,0,0,0,4,6,5,0,,,,,,,,,,,,,,0,,,,
10015,修炼神功2,1,,0,,0,1,,,0,0,0,0,0,0,0,200000002,200000002,"[{200000002:""凡兵钝器在下界应付凡人绰绰有余,可是如果与修道仙家,或得道妖物战斗的话,你必败无疑.""},{0:""尊师，那如何是好?""},{200000002:""为师刚才给你的本教入门仙术,起码能防身保命.勤加修炼,他日必能名传天下.""}]","[{200000002:""一学就会,你果然天资聪颖,是我教精英.""}]","{200000002:""先看看技能秘籍,才能更好的使用它.""}",,0,0,0,5,7,5,0,,,,,,,,,,,,,,0,,,,
10016,修炼神功2,1,,0,,0,2,,,0,0,0,0,0,0,0,200000003,200000003,"[{200000003:""凡兵钝器在下界应付凡人绰绰有余,可是如果与修道仙家,或得道妖物战斗的话,你必败无疑.""},{0:""尊师，那如何是好?""},{200000003:""为师刚才给你的本教入门仙术,起码能防身保命.勤加修炼,他日必能名传天下.""}]","[{200000003:""一学就会,你果然天资聪颖,是我教精英.""}]","{200000003:""先看看技能秘籍,才能更好的使用它.""}",,0,0,0,5,7,5,0,,,,,,,,,,,,,,0,,,,
10017,修炼神功2,1,,0,,0,3,,,0,0,0,0,0,0,0,200000004,200000004,"[{200000004:""凡兵钝器在下界应付凡人绰绰有余,可是如果与修道仙家,或得道妖物战斗的话,你必败无疑.""},{0:""尊师，那如何是好?""},{200000004:""为师刚才给你的本教入门仙术,起码能防身保命.勤加修炼,他日必能名传天下.""}]","[{200000004:""一学就会,你果然天资聪颖,是我教精英.""}]","{200000004:""先看看技能秘籍,才能更好的使用它.""}",,0,0,0,5,7,5,0,,,,,,,,,,,,,,0,,,,
10018,一展身手,1,,0,,0,1,,,0,0,0,0,0,0,0,200000002,200000006,"[{200000002:""此次下凡对各派未来实力关系甚大,必须挑选本教上上精英下凡可确保我教实力不减,我见你骨骼精奇,天资聪颖,不过实战经验尚浅.""},{0:""教主,我有信心完成任务.""},{200000002:""这样吧，云渡天老子我与他交情甚好,你去向他请教请教,再作决定.""}]","[{200000006:""你才来,其他两教已去多人接受试炼了.""}]","{200000002:""还不去拜访老子?难道你就想留在此地?""}",,0,0,0,6,8,6,0,,,,,,,,,,,,,,0,,,,
10019,一展身手,1,,0,,0,2,,,0,0,0,0,0,0,0,200000003,200000006,"[{200000003:""此次下凡对各派未来实力关系甚大,必须挑选本教上上精英下凡可确保我教实力不减,我见你骨骼精奇,天资聪颖,不过实战经验尚浅.""},{0:""教主,我有信心完成任务.""},{200000003:""这样吧，云渡天老子我与他交情甚好,你去向他请教请教,再作决定.""}]","[{200000006:""你才来,其他两教已去多人接受试炼了.""}]","{200000003:""还不去拜访老子?难道你就想留在此地?""}",,0,0,0,6,8,6,0,,,,,,,,,,,,,,0,,,,
10020,一展身手,1,,0,,0,3,,,0,0,0,0,0,0,0,200000004,200000006,"[{200000004:""此次下凡对各派未来实力关系甚大,必须挑选本教上上精英下凡可确保我教实力不减,我见你骨骼精奇,天资聪颖,不过实战经验尚浅.""},{0:""教主,我有信心完成任务.""},{200000004:""这样吧，云渡天老子我与他交情甚好,你去向他请教请教,再作决定.""}]","[{200000006:""你才来,其他两教已去多人接受试炼了.""}]","{200000004:""还不去拜访老子?难道你就想留在此地?""}",,0,0,0,6,8,6,0,,,,,,,,,,,,,,0,,,,
10021,牛刀小试1,1,,0,,0,,,,0,0,0,0,0,0,0,200000006,200000007,"[{200000006:""无量量劫将至,最近各教都派遣弟子到我处接受试炼,看来各教教主也开始重视了.""},{0:""我教教主派我来接受试炼,望前辈多加指点.""}]","[{200000007:""你的事情,师傅已经告诉我了.""}]","{200000006:""我徒儿玄都在无恨天无邪洞等你.""}",,0,0,0,7,9,6,0,,,,,,,,,,,,,,0,,,,
10022,牛刀小试2,1,,0,,0,,,,0,0,0,0,0,0,0,200000007,200000007,"[{200000007:""七色鹿经常到无邪洞里吃奇花异草,喝神水仙露,而且数量越来越多了.""},{0:""我去帮你捕杀它们吧!""},{200000007:""也好,不过七色鹿动作敏捷,你能捕杀到它们,也就能证明你可以下凡为你教出力了.""}]","[{200000007:""你教果然能人辈出,看来以后不能轻视.""}]","{200000007:""小小的七色鹿都不能捕杀,你下凡也是让人欺负的料.""}",,0,"去{inst10001|100011,无邪洞}击杀5只{inst10001|100011,七色鹿}",0,8,10,6,0,{100011:5},,,,,,,,,,,,,0,,,,
10023,牛刀小试3,1,,0,,0,,,,0,0,0,0,0,0,0,200000007,200000007,"[{200000007:""七色鹿赶跑了,你的下凡修炼也算过关了,不过…..""},{0:""法师有什么事只管说.""},{200000007:""无邪洞里有一种仙草,是炼仙丹必备之物,我最近炼丹妖物贫缺,不知可否帮我采集一些回来.""}]","[{200000007:""你为人真是宽宏豁达,他日必是一教之主.""}]","{200000007:""采点仙草都不帮吗?那我和师父说你未通过试炼.""}",,0,0,0,9,11,6,0,,{11001:3},{11001:3},,,,,,,,,,,0,,,,
10024,牛刀小试4,1,,0,,0,,,,0,0,0,0,0,0,0,200000007,200000006,"[{200000007:""你身手敏捷,处事周到,已是仙人中之精英.""},{0:""多谢玄都大法师称赞.""},{1007:""你的试炼结果我已传报师父老子,现在你骑青牛回去见我师父吧.""}]","[{200000006:""这么快就通过试炼了,实非常人所能.""}]","{200000007:""你试炼过关了,快去拜见我师父老子吧.""}",,0,0,0,10,12,7,0,,,,,,,,,,,,,,0,,,,
10025,东买西卖1,1,,0,,0,,,,0,0,0,0,0,0,0,200000006,200000008,"[{200000006:""仙人下凡后,便是以凡人肉身相见,受尽凡人应该受的苦难,比如受伤流血.""},{0:""敢问前辈,晚辈应该怎么做呢?""},{200000006:""百合仙子那有许多救命药品,非常合乎凡人肉身流血受伤只用,你去拜会拜会她.""}]","[{200000008:""你也是来拿药的?""}]","{200000006:""神仙下凡,清修第二,保命第一,去百合仙子处准备准备吧.""}",,0,0,0,11,13,7,0,,,,,,,,,,,,,,0,,,,
10026,东买西卖2,1,,0,,0,,,,0,0,0,0,0,0,0,200000008,200000008,"[{200000008:""最近下凡的仙真多,下凡后以凡人肉身为躯,如果遇到伤重,流血不止之类,那就不能再回来了,直接下地狱了.""},{0:""什么才是下凡保命之策呢?""},{200000008:""我店里有些补血药品,你买一个试试.""}]","[{200000008:""见你出手爽快,本仙就送你一个大礼包.""}]","{200000008:""没有药物,你命难保啊!""}",,0,0,0,12,14,7,0,,,,,,,,,,,,,,0,,,,
10027,东买西卖3,1,,0,,0,,,,0,0,0,0,0,0,0,200000008,200000008,"[{200000008:""凡人以肉身气血为体,气血包乃是补血保命只用,但是要发挥仙家技能,就必须靠灵力.""},{0:""如何补充灵力?""},{200000008:""你挺乖巧伶俐的,我就再送你一个法力包吧!""}]","[{200000008:""记得要随时查看自己的气血和灵力是否达到巅峰状态.""}]","{200000008:""法力包就是补充灵力的药品.""}",,0,0,0,13,15,7,0,,,,,,,,,,,,,,0,,,,
10028,宠物当家1,1,,0,,0,,,,0,0,0,0,0,0,0,200000008,200000009,"[{200000008:""你知道吗?仙家根据自己喜好,一般都会一种或几种仙灵跟随,叫灵宠,灵宠可以帮你攻击防御敌人.""},{0:""那在哪里能找到灵宠呢?""},{1008:""荷花仙子对驯服培养灵宠很有心得,你去请教请教她吧!""}]","[{200000009:""天下灵宠各式各样,还有带技能的.""}]","{200000008:""有灵宠在旁,做事事半功倍,快找荷花请教吧.""}",,0,0,0,14,16,8,0,,,,,,,,,,,,,,0,,,,
10029,宠物当家2,1,,0,,0,,,,0,0,0,0,0,0,0,200000009,200000010,"[{200000009:""想学驯宠之法吗?那你找对人了.驯养灵宠学问很深奥,你去找只灵兔回来.""},{0:""那里能捉到灵兔?""},{200000009:""在无尽天看管灵兔的仙童那里带一只回来,你骑我小粉象去,仙童自会引导.""}]","[{200000010:""小粉象真可爱,一定是荷花姐姐叫你来的.""}]","{200000009:""没有灵兔,怎么教你训宠之道呢?""}",,0,0,0,15,17,8,0,,,,,,,,,,,,,,0,,,,
10030,宠物大师1,1,,0,,0,,,,0,0,0,0,0,0,0,200000010,200000010,"[{200000010:""看到院里面蹦蹦跳跳的小东西了吗?它们叫兔斯基,可不是一般的兔子.""},{0:""那小兔子还真可爱.""},{200000010:""别看那是小兔子，都是有脾气的,看你能不能捉到再说.""}]","[{200000010:""看来这小兔子还挺喜欢你的.""}]","{200000010:""连这么温纯的小兔子都不理你吗?那是你人品问题了.""}",,0,0,0,16,18,8,0,,,,,,,,,,,,,,0,,,,
10031,宠物大师2,1,,0,,0,,,,0,0,0,0,0,0,0,200000010,200000009,"[{200000010:""捉到灵宠并不代表你就能驯服它.""},{0:""那我还要怎么做呢?""},{1010:""你带着小兔子去荷花姐姐那里,听听她是怎么驯服的.""}]","[{200000009:""灵宠样貌各异,能力技能也各异.""}]","{200000009:""灵宠干抱着是没用处的,要把它的能力发挥出来.""}",,0,0,0,17,19,9,0,,,,,,,,,,,,,,0,,,,
10032,最后试炼1,1,,0,,0,1,,,0,0,0,0,0,0,0,200000009,200000002,"[{200000009:""能把宠物能力充分发挥出来,就等于多了一个帮手.""},{0:""多谢仙子指教.""},{200000009:""你们教主正在到处找你,应该有重要事情发生了.""}]","[{200000002:""总算找到你了.""}]","{200000009:""你速找你教主.""}",,0,0,0,18,20,9,0,,,,,,,,,,,,,,0,,,,
10033,最后试炼1,1,,0,,0,2,,,0,0,0,0,0,0,0,200000009,200000003,"[{200000009:""能把宠物能力充分发挥出来,就等于多了一个帮手.""},{0:""多谢仙子指教.""},{200000009:""你们教主正在到处找你,应该有重要事情发生了.""}]","[{200000003:""总算找到你了.""}]","{200000009:""你速找你教主.""}",,0,0,0,18,20,9,0,,,,,,,,,,,,,,0,,,,
10034,最后试炼1,1,,0,,0,3,,,0,0,0,0,0,0,0,200000009,200000004,"[{200000009:""能把宠物能力充分发挥出来,就等于多了一个帮手.""},{0:""多谢仙子指教.""},{200000009:""你们教主正在到处找你,应该有重要事情发生了.""}]","[{200000004:""总算找到你了.""}]","{200000009:""你速找你教主.""}",,0,0,0,18,20,9,0,,,,,,,,,,,,,,0,,,,
10035,最后试炼2,1,,0,,0,1,,,0,0,0,0,0,0,0,200000002,200000001,"[{200000002:""由于此次大劫史无前例,所以各教教主为确保自教精英势力,在下凡前要进行一次试炼.""},{0:""我已经准备好了.""},{1002:""你快去云渡天百花仙子处,她会带你去的.""}]","[{200000001:""我已等候多时了.""}]","{200000002:""还在这磨蹭什么?不想下凡了吗?""}",,0,0,0,19,21,9,0,,,,,,,,,,,,,,0,,,,
10036,最后试炼2,1,,0,,0,2,,,0,0,0,0,0,0,0,200000003,200000001,"[{200000003:""由于此次大劫史无前例,所以各教教主为确保自教精英势力,在下凡前要进行一次试炼.""},{0:""我已经准备好了.""},{1003:""你快去云渡天百花仙子处,她会带你去的.""}]","[{200000001:""我已等候多时了.""}]","{200000003:""还在这磨蹭什么?不想下凡了吗?""}",,0,0,0,19,21,9,0,,,,,,,,,,,,,,0,,,,
10037,最后试炼2,1,,0,,0,3,,,0,0,0,0,0,0,0,200000004,200000001,"[{200000004:""由于此次大劫史无前例,所以各教教主为确保自教精英势力,在下凡前要进行一次试炼.""},{0:""我已经准备好了.""},{1004:""你快去云渡天百花仙子处,她会带你去的.""}]","[{200000001:""我已等候多时了.""}]","{200000004:""还在这磨蹭什么?不想下凡了吗?""}",,0,0,0,19,21,9,0,,,,,,,,,,,,,,0,,,,
10038,最后试炼3,1,,0,,0,,,,0,0,0,0,0,0,0,200000001,200000011,"[{200000001:""里面自有仙童指引你如何破关.""}]","[{200000011:""此地会不时出现妖物,你要尽快清除.""","{200000001:""快快去试炼.""}",,0,0,0,19,21,9,0,,,,,,,,,,,,,,0,,,,
10039,最后试炼4,1,,0,,0,1,,,0,0,0,0,0,0,0,200000001,200000002,"[{200000001:""你已通过修炼,速去向你家教主回报.""}]","[{200000002:""我果然没有看错人,我教发扬光大就全靠你了.不过其他两教也有很多人通过试炼了.""}]","{200000001:""连试炼都通过不了,还如何下凡封神.""}",,0,0,0,20,22,10,0,,,,,,,,,,,,,,0,,,,
10040,最后试炼4,1,,0,,0,2,,,0,0,0,0,0,0,0,200000001,200000003,"[{200000001:""你已通过修炼,速去向你家教主回报.""}]","[{200000003:""我果然没有看错人,我教发扬光大就全靠你了.不过其他两教也有很多人通过试炼了.""}]","{200000001:""连试炼都通过不了,还如何下凡封神.""}",,0,0,0,20,22,10,0,,,,,,,,,,,,,,0,,,,
10041,最后试炼4,1,,0,,0,3,,,0,0,0,0,0,0,0,200000001,200000004,"[{200000001:""你已通过修炼,速去向你家教主回报.""}]","[{200000004:""我果然没有看错人,我教发扬光大就全靠你了.不过其他两教也有很多人通过试炼了.""}]","{200000001:""连试炼都通过不了,还如何下凡封神.""}",,0,0,0,20,22,10,0,,,,,,,,,,,,,,0,,,,
10042,花仙之患1,1,,0,,0,1,,,0,0,0,0,0,0,0,200000002,200000001,"[{200000002:""现在大局已定,你已经是下凡封神的人选了.""},{0:""那教主还有什么吩咐么?""},{200000002:""最近听说百花仙子那里出了些麻烦事,你去看看有什么可以帮忙的.""}]","[{200000001:""大劫将至,果然怪异事情连连.""}]","{200000002:""天界众仙讲求相互帮忙,既然百花仙子有困难,你就去帮帮她吧.""}",,0,0,0,21,23,11,0,,,,,,,,,,,,,,0,,,,
10043,花仙之患1,1,,0,,0,2,,,0,0,0,0,0,0,0,200000003,200000001,"[{200000003:""现在大局已定,你已经是下凡封神的人选了.""},{0:""那教主还有什么吩咐么?""},{200000003:""最近听说百花仙子那里出了些麻烦事,你去看看有什么可以帮忙的.""}]","[{200000001:""大劫将至,果然怪异事情连连.""}]","{200000003:""天界众仙讲求相互帮忙,既然百花仙子有困难,你就去帮帮她吧.""}",,0,0,0,21,23,11,0,,,,,,,,,,,,,,0,,,,
10044,花仙之患1,1,,0,,0,3,,,0,0,0,0,0,0,0,200000004,200000001,"[{200000004:""现在大局已定,你已经是下凡封神的人选了.""},{0:""那教主还有什么吩咐么?""},{200000004:""最近听说百花仙子那里出了些麻烦事,你去看看有什么可以帮忙的.""}]","[{200000001:""大劫将至,果然怪异事情连连.""}]","{200000004:""天界众仙讲求相互帮忙,既然百花仙子有困难,你就去帮帮她吧.""}",,0,0,0,21,23,11,0,,,,,,,,,,,,,,0,,,,
10045,花仙之患2,1,,0,,0,,,,0,0,0,0,0,0,0,200000001,200000011,"[{200000001:""守院仙童来报,无量天花海最近花妖数量无端增多,长此下去,必生祸端.""},{0:""那有什么可以为仙子代劳的呢?""},{200000001:""你去无量天花海杀掉20只花妖,再问问守院仙童情况.""}]","[{200000011:""总算暂时减缓花妖数量了.""}]","{200000001:""花妖再增多,我都没地方站了.""}",,0,"去{inst10002|100012,无邪洞}击杀10只{inst10002|100012,花妖}",0,22,24,11,0,{100012:10},,,,,,,,,,,,,0,,,,
10046,花仙之患3,1,,0,,0,,,,0,0,0,0,0,0,0,200000011,200000011,"[{200000011:""以前花妖从不伤花儿,现在不知为何性情大变,数量又增多.""},{0:""是不是天气问题啊?""},{1011:""你去杀一些花妖,采集5片它们的花瓣回来,我的研究研究.""}]","[{200000011:""花瓣怎么是这种颜色?""}]","{200000011:""找不到花妖增多的原因,会影响整个天界.""}",,0,"去{inst10002|100012,无邪洞}击杀{inst10002|100012,花妖}",0,23,25,12,0,,{11002:5},{11002:5},,,,,,,,,,,0,,,,
10047,神马坐骑1,1,,0,,0,,,,0,0,0,0,0,0,0,200000011,200000001,"[{200000011:""我才疏学浅,看不出有什么问题.""},{0:""那我是否回去告诉百花仙子?""},{200000054:""对,这是只有百花姐姐能解决,你快去汇报一下情况.""}]","[{200000001:""有你的帮忙,总算缓解一下花妖的危害.""}]","{200000011:""真急死仙了,你还站在这干嘛呢.""}",,0,0,0,24,26,12,0,,,,,,,,,,,,,,0,,,,
10048,神马坐骑2,1,,0,,0,,,,0,0,0,0,0,0,0,200000001,200000001,"[{200000001:""不过就算杀掉花妖,也只是暂时解决问题,不是长久之计.""},{0:""那我还能做点什么吗?""},{200000001:""此次也辛苦你了,要你跑来跑去的,我也于心不安,我现在送你一只仙人坐骑—小泥马,让你以后办事也有代步的工具.""}]","[{{player}:""谢谢仙子厚爱.""}]",,,0,0,0,25,27,13,0,,,,,,,,,,,,,,0,,,,
10049,三教态度1,1,,0,,0,,,,0,0,0,0,0,0,0,200000001,200000002,"[{200000001:""花妖之事我也看不出个究竟,难道和众仙下凡有关?""},{0:""我对此事也摸不着头脑.""},{1001:""三位教主对此事应该有特有的看法,你去问问元始天尊的意见.""}]","[{200000002:""花妖一事我早有耳闻.""}]","{200000001:""元始天尊对花妖一事必有过人看法,麻烦你跑一趟了.""}",,0,0,0,26,28,13,0,,,,,,,,,,,,,,0,,,,
10050,三教态度2,1,,0,,0,,,,0,0,0,0,0,0,0,200000002,200000001,"[{200000002:""草精花妖这些低贱的妖物,本来就不应该存活在这里,早听我说把它们灭除了,就不会发生今天这种事了.""},{0:""果然是一教之主见解独到.""},{200000002:""你去劝谕一下百花,听我的,把花妖全灭了,我教一定鼎力相助.""}]","[{200000001:""天尊还是老样子.""}]","{200000002:""百花答应全歼花妖了吗?""}",,0,0,0,27,29,14,0,,,,,,,,,,,,,,0,,,,
10051,三教态度3,1,,0,,0,,,,0,0,0,0,0,0,0,200000001,200000003,"[{200000001:""元始天尊一向为我独尊,为了摒除异类,不惜赶尽杀绝,手法也太残忍了.""},{0:""元始天尊教义一向如此.""},{200000001:""你去问问通天教主,他意见不会有那么偏激.""}]","[{200000003:""其实花妖之事我早有对策.""}]","{200000001:""通天教主怎么说?也是要歼灭花妖吗?""}",,0,0,0,28,30,14,0,,,,,,,,,,,,,,0,,,,
10052,三教态度4,1,,0,,0,,,,0,0,0,0,0,0,0,200000003,200000001,"[{200000003:""天界花园的环境实在适合植物生长,如果花园不复存在了,那花妖自然无处生存,毁掉花园以及里面的植物,花妖自然就消失了.""},{0:""有道理,不愧是通天教主.""},{200000003:""把花园和植物一起毁掉,是根治的办法,你快去和百花商量一下.""}]","[{200000001:""这不要我命吗?""}]","{200000003:""百花决定拆掉花园了吗?我和你一起去.""}",,0,0,0,29,31,15,0,,,,,,,,,,,,,,0,,,,
10053,三教态度5,1,,0,,0,,,,0,0,0,0,0,0,0,200000001,200000004,"[{200000001:""不是吧?我百花仙子和其他花仙都是靠摄取植物能量来修炼的,没有了植物,我们怎么办啊?他脑残啊?""},{0:""只是个建议而已,仙子不要在意.""},{200000001:""看来你还是要再跑一趟,问问接引道人的意见.""}]","[{200000004:""万般皆是缘,离合自有份.""}]","{200000001:""怎么样?接引道人的意见如何?""}",,0,0,0,30,32,15,0,,,,,,,,,,,,,,0,,,,
10054,三教态度6,1,,0,,0,,,,0,0,0,0,0,0,0,200000004,200000001,"[{200000004:""天下万物一切自有因果缘分,随缘而生,随缘而灭,他人若妄自改变,必遭天谴.""},{0:""那前辈的意思是?""},{200000004:""回去告诉百花吧,一切随缘,不要太在意,一切自有定数.""}]","[{200000001:""三位教主意见独特,算了,还是先放一放.""}]","{200000004:""百花看通没有啊?别太在意,自有定数.""}",,0,0,0,31,33,15,0,,,,,,,,,,,,,,0,,,,
10055,三教纷争1,1,,0,,0,1,,,0,0,0,0,0,0,0,200000001,200000002,"[{200000001:""三教意见不一,很难对花妖一事做定夺.""},{0:""仙子所言甚是.""},{1001:""刚才守院仙童来禀报,无量天发生了一场混战,好像是你的师兄弟们,仙童劝说也无效,他们已经转战到无欲天了,你教主正在找你.""}]","[{200000002:""徒儿,教内出大事了.""}]","{200000001:""快去找你教主.""}",,0,0,0,32,34,16,0,,,,,,,,,,,,,,0,,,,
10056,三教纷争1,1,,0,,0,2,,,0,0,0,0,0,0,0,200000001,200000003,"[{200000001:""三教意见不一,很难对花妖一事做定夺.""},{0:""仙子所言甚是.""},{200000001:""刚才守院仙童来禀报,无量天发生了一场混战,好像是你的师兄弟们,仙童劝说也无效,他们已经转战到无欲天了,你教主正在找你.""}]","[{200000003:""徒儿,教内出大事了.""}]","{200000001:""快去找你教主.""}",,0,0,0,32,34,16,0,,,,,,,,,,,,,,0,,,,
10057,三教纷争1,1,,0,,0,3,,,0,0,0,0,0,0,0,200000001,200000004,"[{200000001:""三教意见不一,很难对花妖一事做定夺.""},{0:""仙子所言甚是.""},{200000001:""刚才守院仙童来禀报,无量天发生了一场混战,好像是你的师兄弟们,仙童劝说也无效,他们已经转战到无欲天了,你教主正在找你.""}]","[{200000004:""徒儿,教内出大事了.""}]","{200000001:""快去找你教主.""}",,0,0,0,32,34,16,0,,,,,,,,,,,,,,0,,,,
10058,三教纷争2,1,,0,,0,1,,,0,0,0,0,0,0,0,200000002,200000012,"[{200000002:""教内弟子和谐,一般很少发生口角冲突,其中必有因由.""},{0:""请教主吩咐.""},{200000002:""你速去无欲天找你大师兄,下凡在即,叫他少生事端.""}]","[{200000012:""啊!!!这里有躺着一个人.""}]","{200000002:""你大师兄何在?""}",,0,0,0,33,35,16,0,,,,,,,,,,,,,,0,,,,
10059,三教纷争2,1,,0,,0,2,,,0,0,0,0,0,0,0,200000003,200000012,"[{200000003:""教内弟子和谐,一般很少发生口角冲突,其中必有因由.""},{0:""请教主吩咐.""},{200000003:""你速去无欲天找你大师兄,下凡在即,叫他少生事端.""}]","[{200000012:""啊!!!这里有躺着一个人.""}]","{200000003:""你大师兄何在?""}",,0,0,0,33,35,16,0,,,,,,,,,,,,,,0,,,,
10060,三教纷争2,1,,0,,0,3,,,0,0,0,0,0,0,0,200000004,200000012,"[{200000004:""教内弟子和谐,一般很少发生口角冲突,其中必有因由.""},{0:""请教主吩咐.""},{200000004:""你速去无欲天找你大师兄,下凡在即,叫他少生事端.""}]","[{200000012:""啊!!!这里有躺着一个人.""}]","{200000004:""你大师兄何在?""}",,0,0,0,33,35,16,0,,,,,,,,,,,,,,0,,,,
10061,三教纷争3,1,,0,,0,,,,0,0,0,0,0,0,0,200000012,200000013,"[{200000013:""原来是大师兄.""},{{player}:""请问童子,这里发生了什么事?""}]","[{200000013:""童子颤抖中.....""}]","{200000012:""尸体尚有一丝体温.""}",,0,0,0,34,36,17,0,,,,,,,,,,,,,,0,,,,
10062,三教纷争4,1,,0,,0,,,,0,0,0,0,0,0,0,200000013,200000013,"[{200000013:""疯了..疯了..牛都疯了.""}]","[{200000013:""畜生都走开了吗?""}]","{200000013:""牛..疯了..怕.....""}",,0,"去{inst10004|100013,无欲天}击杀20只{inst10004|100013,牦牛}",0,35,37,17,0,,,,,,,,,,,,,,0,,,,
10063,三教纷争5,1,,0,,0,1,,,0,0,0,0,0,0,0,200000013,200000002,"[{{player}:""可以告诉我发生什么事了吗?""},{200000013:""打...杀...杀....""},{{player}:""这仙童傻了,看来只有先回报教主了.""}]","[{200000002:""什么?你师兄战死了?""}]","{200000013:""打..杀..杀...""}",,0,0,0,36,38,18,0,,,,,,,,,,,,,,0,,,,
10064,三教纷争5,1,,0,,0,2,,,0,0,0,0,0,0,0,200000013,200000003,"[{{player}:""可以告诉我发生什么事了吗?""},{200000013:""打...杀...杀....""},{{player}:""这仙童傻了,看来只有先回报教主了.""}]","[{200000003:""什么?你师兄战死了?""}]","{200000013:""打..杀..杀...""}",,0,0,0,36,38,18,0,,,,,,,,,,,,,,0,,,,
10065,三教纷争5,1,,0,,0,3,,,0,0,0,0,0,0,0,200000013,200000004,"[{{player}:""可以告诉我发生什么事了吗?""},{200000013:""打...杀...杀....""},{{player}:""这仙童傻了,看来只有先回报教主了.""}]","[{200000004:""什么?你师兄战死了?""}]","{200000013:""打..杀..杀...""}",,0,0,0,36,38,18,0,,,,,,,,,,,,,,0,,,,
10066,三教纷争6,1,,0,,0,1,,,0,0,0,0,0,0,0,200000002,200000002,"[{200000002:""这事一定与其余两教有关,在天上都能如此妄为,下凡后更是一场杀戮.""},{0:""看来战事已经无可避免了.""},{200000002:""你要千万小心,切莫步你师兄后尘.""}]","[{{player}:""弟子明白.""}]",,,0,0,0,37,39,18,0,,,,,,,,,,,,,,0,,,,
10067,三教纷争6,1,,0,,0,2,,,0,0,0,0,0,0,0,200000003,200000003,"[{200000003:""这事一定与其余两教有关,在天上都能如此妄为,下凡后更是一场杀戮.""},{0:""看来战事已经无可避免了.""},{200000003:""你要千万小心,切莫步你师兄后尘.""}]","[{{player}:""弟子明白.""}]",,,0,0,0,37,39,18,0,,,,,,,,,,,,,,0,,,,
10068,三教纷争6,1,,0,,0,3,,,0,0,0,0,0,0,0,200000004,200000004,"[{200000004:""这事一定与其余两教有关,在天上都能如此妄为,下凡后更是一场杀戮.""},{0:""看来战事已经无可避免了.""},{200000004:""你要千万小心,切莫步你师兄后尘.""}]","[{{player}:""弟子明白.""}]",,,0,0,0,37,39,18,0,,,,,,,,,,,,,,0,,,,
10069,三教纷争7,1,,0,,0,1,,,0,0,0,0,0,0,0,200000002,200000002,"{{200000002:""混战之下,一定会留下一些线索,你再去无欲天你师兄尸体旁,看看有什么发现.""},{0:""我速去速回.""}]","[{200000002:""果然如此.""}]","{200000002:""快去找线索.""}",,0,0,0,38,40,19,0,,,,,,,,,,,,,,0,,,,
10070,三教纷争7,1,,0,,0,2,,,0,0,0,0,0,0,0,200000003,200000003,"[{200000003:""混战之下,一定会留下一些线索,你再去无欲天你师兄尸体旁,看看有什么发现.""},{0:""我速去速回.""}]","[{200000003:""果然如此.""}]","{200000003:""快去找线索.""}",,0,0,0,38,40,19,0,,,,,,,,,,,,,,0,,,,
10071,三教纷争7,1,,0,,0,3,,,0,0,0,0,0,0,0,200000004,200000004,"[{200000004:""混战之下,一定会留下一些线索,你再去无欲天你师兄尸体旁,看看有什么发现.""},{0:""我速去速回.""}]","[{200000004:""果然如此.""}]","{200000004:""快去找线索.""}",,0,0,0,38,40,19,0,,,,,,,,,,,,,,0,,,,
10072,真正考验1,1,,0,,0,1,,,0,0,0,0,0,0,0,200000002,200000002,"[{200000002:""看来你师兄已经被写入封神榜了,想不到第一个写入封神榜的,竟是我教中人.""},{0:""我教师兄弟个个资质不凡,写入封神榜乃是迟早的事.""},{200000002:""记住,你此番下凡时要尽快找到能填补封神榜名单的神位,以免我教之人再入封神榜名单.""}]","[{{player}:""谨遵教主之命.""}]",,,0,0,0,39,41,19,0,,,,,,,,,,,,,,0,,,,
10073,真正考验1,1,,0,,0,2,,,0,0,0,0,0,0,0,200000003,200000003,"[{200000003:""看来你师兄已经被写入封神榜了,想不到第一个写入封神榜的,竟是我教中人.""},{0:""我教师兄弟个个资质不凡,写入封神榜乃是迟早的事.""},{200000003:""记住,你此番下凡时要尽快找到能填补封神榜名单的神位,以免我教之人再入封神榜名单.""}]","[{{player}:""谨遵教主之命.""}]",,,0,0,0,39,41,19,0,,,,,,,,,,,,,,0,,,,
10074,真正考验1,1,,0,,0,3,,,0,0,0,0,0,0,0,200000004,200000004,"[{200000004:""看来你师兄已经被写入封神榜了,想不到第一个写入封神榜的,竟是我教中人.""},{0:""我教师兄弟个个资质不凡,写入封神榜乃是迟早的事.""},{200000004:""记住,你此番下凡时要尽快找到能填补封神榜名单的神位,以免我教之人再入封神榜名单.""}]","[{{player}:""谨遵教主之命.""}]",,,0,0,0,39,41,19,0,,,,,,,,,,,,,,0,,,,
10075,真正考验2,1,,0,,0,1,,,0,0,0,0,0,0,0,200000002,200000013,"[{200000002:""在凡间战斗修炼,一切要顺应天命,不可执着造化.""},{0:""教主,我下凡之后如何封神呢?""},{200000002:""我现给你一部封神册,你下凡后,如果遇到适合入封神榜之人,即可将其登录入册.我见下界朝歌城有一道红光直冲天庭,你就先去那里找找吧.""}]","[{200000013:""我已恭候多时.""}]","{200000002:""其他两教已经不断有人下凡了,你还在这里干嘛?""}",,0,0,0,40,42,20,0,,,,,,,,,,,,,,0,,,,
10076,真正考验2,1,,0,,0,2,,,0,0,0,0,0,0,0,200000003,200000014,"[{200000003:""在凡间战斗修炼,一切要顺应天命,不可执着造化.""},{0:""教主,我下凡之后如何封神呢?""},{200000003:""我现给你一部封神册,你下凡后,如果遇到适合入封神榜之人,即可将其登录入册.我见下界朝歌城有一道红光直冲天庭,你就先去那里找找吧.""}]","[{200000014:""我已恭候多时.""}]","{200000003:""其他两教已经不断有人下凡了,你还在这里干嘛?""}",,0,0,0,40,42,20,0,,,,,,,,,,,,,,0,,,,
10077,真正考验2,1,,0,,0,3,,,0,0,0,0,0,0,0,200000004,200000015,"[{200000004:""在凡间战斗修炼,一切要顺应天命,不可执着造化.""},{0:""教主,我下凡之后如何封神呢?""},{200000004:""我现给你一部封神册,你下凡后,如果遇到适合入封神榜之人,即可将其登录入册.我见下界朝歌城有一道红光直冲天庭,你就先去那里找找吧.""}]","[{200000015:""我已恭候多时.""}]","{200000004:""其他两教已经不断有人下凡了,你还在这里干嘛?""}",,0,0,0,40,42,20,0,,,,,,,,,,,,,,0,,,,
10078,初到朝歌,1,,0,,0,1,,,0,0,0,0,0,0,0,200000013,200000013,"[{200000013:""教主派我来接引你下凡的事宜,先和你说说这个朝歌城的情况吧.""},{0:""愿闻其详.""},{200000013:""朝歌城是大商朝京都所在,有800多年基业,商朝历代皇帝治理有方,朝朝代代国泰民安,处处歌舞升平.由于万民和谐,所以涌现了许多修仙合道之人,而且个个法力高强,有个别修炼程度可达封神榜神位.""}]","[{{player}:""看来此处的确是收录封神榜神位的好地方.""}]",,,0,0,0,41,43,21,0,,,,,,,,,,,,,,0,,,,
10079,初到朝歌,1,,0,,0,2,,,0,0,0,0,0,0,0,200000014,200000014,"[{200000014:""教主派我来接引你下凡的事宜,先和你说说这个朝歌城的情况吧.""},{0:""愿闻其详.""},{200000014:""朝歌城是大商朝京都所在,有800多年基业,商朝历代皇帝治理有方,朝朝代代国泰民安,处处歌舞升平.由于万民和谐,所以涌现了许多修仙合道之人,而且个个法力高强,有个别修炼程度可达封神榜神位.""}]","[{{player}:""看来此处的确是收录封神榜神位的好地方.""}]",,,0,0,0,41,43,21,0,,,,,,,,,,,,,,0,,,,
10080,初到朝歌,1,,0,,0,3,,,0,0,0,0,0,0,0,200000015,200000015,"[{200000015:""教主派我来接引你下凡的事宜,先和你说说这个朝歌城的情况吧.""},{0:""愿闻其详.""},{200000015:""朝歌城是大商朝京都所在,有800多年基业,商朝历代皇帝治理有方,朝朝代代国泰民安,处处歌舞升平.由于万民和谐,所以涌现了许多修仙合道之人,而且个个法力高强,有个别修炼程度可达封神榜神位.""}]","[{{player}:""看来此处的确是收录封神榜神位的好地方.""}]",,,0,0,0,41,43,21,0,,,,,,,,,,,,,,0,,,,
10081,当朝宰相,1,,0,,0,1,,,0,0,0,0,0,0,0,200000013,200000017,"[{200000013:""当朝宰相商容上知天文,下知地理,也是一个修道之人.而且认识许多能人异士,若是先从他开始,必定可以早日完成封神大任.""},{0:"" 阁下对下界之事果然了如指掌,有你的帮助,我定能完成任务.""}]","[{200000017:""哇,我见你器宇不凡,是修仙的好材料.""}]","{200000013:""在宰相商容那,必能找到能人异士.""}",,0,0,0,42,44,21,0,,,,,,,,,,,,,,0,,,,
10082,当朝宰相,1,,0,,0,2,,,0,0,0,0,0,0,0,200000014,200000017,"[{200000014:""当朝宰相商容上知天文,下知地理,也是一个修道之人.而且认识许多能人异士,若是先从他开始,必定可以早日完成封神大任.""},{0:"" 阁下对下界之事果然了如指掌,有你的帮助,我定能完成任务.""}]","[{200000017:""哇,我见你器宇不凡,是修仙的好材料.""}]","{200000014:""在宰相商容那,必能找到能人异士.""}",,0,0,0,42,44,21,0,,,,,,,,,,,,,,0,,,,
10083,当朝宰相,1,,0,,0,3,,,0,0,0,0,0,0,0,200000015,200000017,"[{200000015:""当朝宰相商容上知天文,下知地理,也是一个修道之人.而且认识许多能人异士,若是先从他开始,必定可以早日完成封神大任.""},{0:"" 阁下对下界之事果然了如指掌,有你的帮助,我定能完成任务.""}]","[{200000017:""哇,我见你器宇不凡,是修仙的好材料.""}]","{200000015:""在宰相商容那,必能找到能人异士.""}",,0,0,0,42,44,21,0,,,,,,,,,,,,,,0,,,,
10084,上表祈福,1,,0,,0,,,,0,0,0,0,0,0,200001,200000017,200000018,"[{200000017:""女娲娘娘炼石补天福泽天下,每年三月十五是女娲娘娘诞辰,皇上身为一国之君,定要进行祭天之举,我已拟定了一封奏折,你帮我向皇上递呈吧!""},{0:""谨遵宰相之命.""}]","[{200000018:""宰相有奏折,待朕看看.""}]","{200000017:""三月十五快到了,快到皇上那递奏折.""}",,0,0,0,43,45,22,0,,,200001:1,,,,,,,,,,,0,,,,
10085,准奏祭祀,1,,0,,0,,,,0,0,0,0,0,0,200002,200000018,200000017,"[{200000018:""当年女娲娘娘练五色石补天才有天下万民生活安定,才有历代先贤和我大商800多年基业,祭祀女娲娘娘乃是天下之举.准宰相商容之奏,传令下去,一切祭祀准备工作,有宰相商容全权负责.""},{0:""谢皇上恩典.""}]","[{200000017:""皇上如此重视,我必定隆重其事.""}]","{200000018:""我已交待宰相商容准备,你还有什么事吗?""}",,0,0,0,44,46,22,0,,,200002:1,,,,,,,,,,,0,,,,
10086,准备祭礼,1,,0,,0,,,,0,0,0,0,0,0,0,200000017,200000019,"[{200000017:""女娲娘娘神圣庄严,祭祀之日祭器也一定要清净无为.到药材铺去要一些圣露草回来.""}]","[{200000019:""圣露草乃是洗涤祭祀祭器之圣品.""}]","{200000017:""祭祀的圣露草都采回来了吗?""}",,0,0,0,45,47,23,0,,,,,,,,,,,,,,0,,,,
10087,筹备祭祀,1,,0,,0,,,,0,0,0,0,0,0,200003,200000019,200000017,"[{200000019:""既然宰相有所求,我就送你一些,以表我对朝廷之心,你去回禀宰相吧.""}]","[{200000017:""大商军民上下一心,我朝天下固若金汤.""}]","{200000019:""既然朝廷替民祭天,那我这个当平民的也不应吝啬.""}",,0,0,0,46,48,23,0,,,200003:1,,,,,,,,,,,0,,,,
10088,初遇飞虎,1,,0,,0,,,,0,0,0,0,0,0,0,200000017,200000020,"[{200000017:""皇上祭祀神庙,毕竟也是离宫.皇上出宫,安全乃是第一位,这次负责皇上出宫安全的是武成王黄飞虎,你可以去看看有什么可以帮忙的.""}]","[{200000020:""我乃朝歌御林军统领,朝歌上下安危,由我负责.""}]","{200000017:""做完此事,必有封赏.""}",,0,0,0,47,49,24,0,,,,,,,,,,,,,,,,,,
10089,铸鼎祭天,1,,0,,0,,,,0,0,0,0,0,0,0,200000020,200000021,"[{200000020:""宰相交待下来,要我这边负责铸鼎祭天,你与我去传令一下朝歌的武器行,吩咐他们铸鼎吧.""}]","[{200000021:""侯爷有命我等必定全力配合.""}]","{200000020:""传令武器行全力配合祭祀赶铸铜鼎.""}",,0,0,0,48,50,24,0,,,,,,,,,,,,,,,,,,
10090,军民一心,1,,0,,0,,,,0,0,0,0,0,0,0,200000021,200000020,"[{200000021:""祭天神鼎已铸好,请少侠代为回复侯爷.""}]","[{200000020:""有劳{player}了,你对我大商的功劳我会记住的.""}]","{200000021:""侯爷之命不敢违,鼎已铸好请回复侯爷.""}",,0,0,0,49,51,25,0,,,,,,,,,,,,,,,,,,
10091,回复商容,1,,0,,0,,,,0,0,0,0,0,0,0,200000020,200000017,"[{200000020:""祭天神鼎铁匠已经送到,你去回复宰相,说我这边的事情已经准备就绪了.""}]","[{200000017:""武成王做事真利索.""}]","{200000020:""回复宰相祭天神鼎已送到.""}",,0,0,0,50,52,25,0,,,,,,,,,,,,,,,,,,
10092,祭天当日,1,,0,,0,,,,0,0,0,0,0,0,0,200000017,200000018,"[{200000017:""祭天的准备工作已经全做好了,现在就等皇上决定何时起驾祭天了,此事做得如此快捷利索,皇上必有赏赐.你去禀报一下皇上,看皇上何时动身.""}]","[{200000018:""宰相对你的赞赏,已传到朕的耳边了.""}]","{200000018:""皇上有赏赐,你还不去领取?""}",,0,0,0,51,53,26,0,,,,,,,,,,,,,,,,,,
10093,纣王赏赐,1,,0,,0,,,,0,0,0,0,0,0,0,200000018,200000020,"[{200000018:""武成王黄飞虎是我朝得力将士,也是一武艺高强之人,以阁下的天资和能力去那求一职位应该不难.""}]","[{200000020:""上次铸鼎我已有对少侠封赏之心.""}]","{200000018:""到武成王那求一职位吧!""}",,0,0,0,52,54,26,0,,,,,,,,,,,,,,,,,,
10094,求证三教,1,,0,,0,1,,,0,0,0,0,0,0,0,200000020,200000013,"[{200000020:""我大商治理天下800多年,事事都要顺应朝纲礼常,本侯对少侠功德及对朝廷贡献本应封赏少侠,但少侠现为一介寒愚,实在师出无名.据闻少侠是名教门下,如若能出示你教信物,本侯必定加以封赏.""}]","[{200000013:""有何困难要来找我?""}]","{200000020:""没有封号,在朝中能难做事.""}",,0,0,0,53,55,27,0,,,,,,,,,,,,,,,,,,
10095,求证三教,1,,0,,0,2,,,0,0,0,0,0,0,0,200000020,200000014,"[{200000020:""我大商治理天下800多年,事事都要顺应朝纲礼常,本侯对少侠功德及对朝廷贡献本应封赏少侠,但少侠现为一介寒愚,实在师出无名.据闻少侠是名教门下,如若能出示你教信物,本侯必定加以封赏.""}]","[{200000014:""有何困难要来找我?""}]","{200000020:""没有封号,在朝中能难做事.""}",,0,0,0,53,55,27,0,,,,,,,,,,,,,,,,,,
10096,求证三教,1,,0,,0,3,,,0,0,0,0,0,0,0,200000020,200000015,"[{200000020:""我大商治理天下800多年,事事都要顺应朝纲礼常,本侯对少侠功德及对朝廷贡献本应封赏少侠,但少侠现为一介寒愚,实在师出无名.据闻少侠是名教门下,如若能出示你教信物,本侯必定加以封赏.""}]","[{200000015:""有何困难要来找我?""}]","{200000020:""没有封号,在朝中能难做事.""}",,0,0,0,53,55,27,0,,,,,,,,,,,,,,,,,,
10097,凭信册封,1,,0,,0,1,,,0,0,0,0,0,0,200004,200000013,200000020,"[{200000013:""教主一早便知晓人间行事方式,并且已留下一件本门信物,你去交与武成王,武成王自会安排.""}]","[{200000020:""少侠果然是你教精英,有此信物我可以册封少侠了.""}]","{200000013:""武成王见到信物,便会妥善安排.""}",,0,0,0,54,56,27,0,,,200004:1,,,,,,,,,,,,,,,
10098,凭信册封,1,,0,,0,2,,,0,0,0,0,0,0,200004,200000014,200000020,"[{200000014:""教主一早便知晓人间行事方式,并且已留下一件本门信物,你去交与武成王,武成王自会安排.""}]","[{200000020:""少侠果然是你教精英,有此信物我可以册封少侠了.""}]","{200000014:""武成王见到信物,便会妥善安排.""}",,0,0,0,54,56,27,0,,,200004:1,,,,,,,,,,,,,,,
10099,凭信册封,1,,0,,0,3,,,0,0,0,0,0,0,200004,200000015,200000020,"[{200000015:""教主一早便知晓人间行事方式,并且已留下一件本门信物,你去交与武成王,武成王自会安排.""}]","[{200000020:""少侠果然是你教精英,有此信物我可以册封少侠了.""}]","{200000015:""武成王见到信物,便会妥善安排.""}",,0,0,0,54,56,27,0,,,200004:1,,,,,,,,,,,,,,,
10100,骤闻变故,1,,0,,0,,,,0,0,0,0,0,0,0,200000020,200000022,"[{200000020:""皇上祭天之时,有一宫女不慎摔落祭坛下,皇上为救她,将祭祀铜鼎毁坏了一只,结果顿时天象异变,黑风狂作,现在不知如何是好,你去伯夷处问问满朝议论情况.""}]","[{200000022:""连武成王也知道此事了?""}]","{200000020:""此事兹事体大,伯夷应该得知满朝议论如何.""}",,0,0,0,55,57,28,0,,,,,,,,,,,,,,,,,,
10101,满朝议论,1,,0,,0,,,,0,0,0,0,0,0,0,200000022,200000020,"[{200000022:""皇上因救人而不慎毁掉祭天铜鼎,本是无心之失,但当日天象所示,实乃触怒上苍之象.事已至此实非我辈所想,后果如何亦无人知晓.你回禀武成王,朝中大臣亦没人知道如何补救.""}]","[{200000020:""此事确难定夺.""}]","{200000022:""武成王见识过人,可能有补救的办法.""}",,0,0,0,56,58,28,0,,,,,,,,,,,,,,,,,,
10102,回禀武王,1,,0,,0,,,,0,0,0,0,0,0,0,200000020,200000020,"[{200000020:""想我大商基业近800多年,历代帝皇待民如子,国泰民安人人安居乐业,今皇上无心之失,须有天象所示已触犯天怒,但亦未见其实在效果.""},{0:""毕竟苍天会有眼的,不会因为少少过失,而惩罚天下人吧.""}]","[{200000020:""但愿如此.""}]",,,0,0,0,57,59,29,0,,,,,,,,,,,,,,,,,,
10103,天易卜算,1,,0,,0,,,,0,0,0,0,0,0,0,200000020,200000023,"[{200000020:""虽然大商天下固若金汤,但是始终令人担心,闻说城中有一算命先生周易卜卦相当灵验,你且去为我大商求上一挂.""}]","[{200000023:""求签卜卦,万卜万灵.""}]","{200000020:""算命先生卜出何挂?""}",,0,0,0,58,60,29,0,,,,,,,,,,,,,,,,,,
10104,祸起南方,1,,0,,0,,,,0,0,0,0,0,0,0,200000023,200000023,"[{200000023:""其实皇上祭天之日,突然天象异变,我就当时为我大商卜了一挂,""离宫太旺太阴明,晴雨而今眼见晴,若是久晴还有雨,时逢甲子雨又晴.""""}]","[{200000023:""签文所示:事情祸福难定,难以判断,现不宜过多猜忌,应息事宁人.皇上本命属金,火克金,南方属火,切忌接触南方.""}]",,,0,0,0,59,61,30,0,,,,,,,,,,,,,,,,,,
10105,一念祸福,1,,0,,0,,,,0,0,0,0,0,0,0,200000023,200000020,"[{200000023:""最近有关于朝歌南面的事宜,必须慎重处理.签文如是说,请回复侯爷.""}]","[{200000020:""签文所示,必有其理.""}]","{200000023:""切忌勿近南方.""}",,0,0,0,60,62,30,0,,,,,,,,,,,,,,,,,,
10106,冀州除妖,1,,0,,0,,,,0,0,0,0,0,0,0,200000020,200000020,"[{200000020:""冀州地处朝歌南面,最近百姓常报有妖物阻扰官道,难道签文所指就是冀州?不管如何,你先到冀州雨泽林消灭恶狼20只,先保百姓安全.""}]","[{200000020:""{player}真是为我朝百姓做不少好事啊!""}]","{200000020:""连你都无法除灭恶狼,莫非南面真的祸劫大商?""}",,0,"去{inst10005|100014,雨泽林}击杀20只恶狼{inst10005|100014,恶狼}",0,61,63,31,0,{100014:20},,,,,,,,,,,,,,,,,
10107,宫中谣传,1,,0,,0,,,,0,0,0,0,0,0,0,200000020,200000024,"[{200000020:""最近宫中传出闹鬼一事,虽说可能是某些人的幻觉无伤大雅.但也不可以在这个时候让它广为流传.{player}去平息一下谣言.""}]","[{200000024:""夜里总是不时有白光闪过.""}]","{200000020:""宫中果真闹鬼?""}",,0,0,0,62,64,31,0,,,,,,,,,,,,,,,,,,
10108,追踪妖魅,1,,0,,0,,,,0,0,0,0,0,0,0,200000024,200000025,"[{200000024:""宫中的白光闪过之后,就会有一些宫女的衣服首饰之类的物件丢失了,听说宫里已经有很多人见过了,白光从四面八方来,但是都向南门飞出.""}]","[{200000025:""的确最近是有很多白光闪过.""}]","{200000024:""白光全部都向南门飞去,不知道南门有什么吸引它们.""}",,0,0,0,63,65,32,0,,,,,,,,,,,,,,,,,,
10109,寻觅妖源1,1,,0,,0,,,,0,0,0,0,0,0,0,200000025,200000025,"[{200000025:""白光一闪就过,没有人看得出是什么东西,不过在闪过后,就会看到地上有些白色的狐狸毛,但是狐狸也不会跑得如此快啊!""}]","[{200000025:""估计此事与平川岭的狐狸有关.""}]",,,0,0,0,64,66,32,0,,,,,,,,,,,,,,,,,,
10110,寻觅妖源2,1,,0,,0,,,,0,0,0,0,0,0,0,200000025,200000026,"[{200000025:""我们经常到冀州平川岭巡山时,都会见到许多白狐狸,不过它们的速度没有像白光那样快,看来你要去一趟平川岭,才能知道端倪了.还有,冀州侯爷苏护正需要一批白狐狸皮送人,你顺道帮忙猎杀一些吧.""}]","[{200000026:""少侠之名早已威震朝歌,此等小事还要劳烦少侠出手,真是折杀老夫.""}]","{200000025:""平川岭有许多白狐狸出没.""}",,0,"去{inst10006|100015,平川岭}击杀{inst10006|100015,白狐}",0,65,67,33,0,,{11003:15},{11003:15},,,,,,,,,,,,,,,
10111,初见艳后,1,,0,,0,,,,0,0,0,0,0,0,0,200000026,200000027,"[{200000026:""{player}光临冀州,乃我冀州之福啊.我身旁这位就是小女妲己,我与你引见引见.""}]","[{200000027:""小女子苏妲己见过{player},""}]","{200000026:""身旁就是小女.""}",,0,0,0,66,68,33,0,,,,,,,,,,,,,,,,,,
10112,美人请求,1,,0,,0,,,,0,0,0,0,0,0,0,200000027,200000027,"[{200000027:""冀州雨泽林处常有来自朝歌的流氓出没,经常欺负过往的百姓,尤其是年轻女子,{player}正气凛然,可否帮助百姓赶走流氓.""}]","[{200000027:""{player}拯救万民,实乃我大商之福,小女子代为谢过了.""}]","{200000027:""雨泽林就是冀州流氓出没之地.""}",,0,"去{inst10005|100016,平川岭}击杀25{inst10005|100016,流氓}",0,67,69,34,0,,,,,,,,,,,,,,,,,,
10113,苏护献媚,1,,0,,0,,,,0,0,0,0,0,0,0,200000027,200000026,"[{200000027:""我父亲有要事与你商量.""}]","[{200000026:""{player}来得正好,我正有要事找你.""}]","{200000027:""我父亲有要事与你商量.""}",,0,0,0,68,70,34,0,,,,,,,,,,,,,,,,,,
10114,送礼入宫,1,,0,,0,,,,0,0,0,0,0,0,200005,200000026,200000028,"[{200000026:""由少侠猎杀的白狐皮,我已精制成大衣,麻烦少侠代为送入宫中,交予伯夷.此事由少侠来做,我放心百倍.""}]","[{200000028:""苏侯爷又送白狐皮来了.""}]","{200000026:""白狐皮在宫中算是珍贵之物,所以宫里时常有需求.""}",,0,0,0,69,70,35,0,,,200005:1,,,,,,,,,,,,,,,
10115,纣王召见,1,,0,,0,,,,0,0,0,0,0,0,0,200000028,200000018,"[{200000028:""陛下最近常常念叨着你,请少侠速去皇上那里.""}]","[{200000018:""可见到你了.""}]","{200000028:""陛下念叨你了.""}",,0,0,0,70,72,35,0,,,,,,,,,,,,,,,,,,
10116,皇上密令,1,,0,,0,,,,0,0,0,0,0,0,0,200000018,200000018,"[{200000018:""宫中闹鬼一事,据闻与冀州白狐有关,我也知晓武成王为大商卜卦一事,虽然我对卜卦之说半信半疑,但为了大商天下,我也不容忽视.""}]","[{200000018:""看来我也要暗地里做一些事情.""}]",,,0,0,0,71,73,36,0,,,,,,,,,,,,,,,,,,
10117,密探冀州,1,,0,,0,,,,0,0,0,0,0,0,0,200000018,200000029,"[{200000018:""狐狸只是一种低等动物,怎可在宫中自有出入,其中必有因由.你再到冀州狐狸出没之地去查探一下.""}]","[{200000029:""呜~~~呜~~~.""}]","{200000018:""白色狐狸真是罕见.""}",,0,0,0,72,74,36,0,,,,,,,,,,,,,,,,,,
10118,慈悲善报,1,,0,,0,,,,0,0,0,0,0,0,0,200000029,200000029,"[{200000029:""呜~~~~呜~~~.""}]","[{{player:""好了,伤势暂时不会有问题了.""}]",,,0,0,0,73,75,37,0,,,,,,,,,,,,,,,,,,
10119,惊天秘密,1,,0,,0,,,,0,0,0,0,0,0,0,200000029,200000029,"[{200000029:""谢谢你出手相救.""},{0:""你能说人话?""},{200000029:""我本是在轩辕坟里面修炼的其中一只小狐妖,我还有许多姐妹都在轩辕坟里修炼,前些日子来了个上仙,吩咐我们到宫中偷取一些宫女衣服发饰,还叫我们学习一下宫中礼仪,我在偷衣服时,不慎被人打伤了.""}]","[{{player}:""竟有如此奇怪之事.""}]",,,0,0,0,74,76,37,0,,,,,,,,,,,,,,,,,,
10120,无从解释,1,,0,,0,,,,0,0,0,0,0,0,0,200000029,200000018,"[{200000029:""我也不知道是什么上仙来吩咐,反正姐姐们都很怕她."",0:""此等怪事,看来一定要回禀皇上再作定议.""}]","[{200000018:""有上仙指派狐妖到宫里偷衣服?到底所谓何事呢?莫非朕得罪了狐仙?就算得罪了,也不应该来偷衣服嘛!朕真的不明白.""}]","{200000029:""再也不去皇宫偷衣服了.""}",,0,0,0,75,77,38,0,,,,,,,,,,,,,,,,,,
10121,朝歌来喜,1,,0,,0,,,,0,0,0,0,0,0,0,200000018,200000020,"[{200000018:""朝中有大臣提议要在朝歌办一次喜事,冲喜一下朝歌城与众同乐,并消除最近在朝歌城不好的传闻,大臣提议朕再选一妃嫔.你去一趟武成王处,他有要事找你.""}]","[{200000020:""人逢喜事精神爽啊!""}]","{200000018:""为安定天下人心,朕又要娶一次老婆.""}",,0,0,0,76,78,38,0,,,,,,,,,,,,,,,,,,
10122,朝歌选秀,1,,0,,0,,,,0,0,0,0,0,0,0,200000020,200000028,"[{200000020:""皇上正值壮年身为一国之君,后宫妃嫔必为正统,才可保证皇室血统纯正,现有不少诸侯欲将家中适龄之女上举参选,朝歌叔齐负责选秀之事,你可去看看美女.""}]","[{200000028:""个个美女都是诸侯之女,都不敢得罪啊.""}]","{200000020:""选秀会有很多美女在场快去看看.""}",,0,0,0,77,79,39,0,,,,,,,,,,,,,,,,,,
10123,妲己失踪,1,,0,,0,,,,0,0,0,0,0,0,0,200000028,200000026,"[{200000028:""各地诸侯准备接受挑选的美女都已经到了,唯独缺了冀州侯之女妲己,你去问问苏护,到底怎么回事?""}]","[{200000026:""少侠你来了,你要救救本侯啊!""}]","{200000028:""护送妲己由冀州侯苏护负责,怎么还未到呢?""}",,0,0,0,78,80,39,0,,,,,,,,,,,,,,,,,,
10124,妲己遇劫,1,,0,,0,,,,0,0,0,0,0,0,0,200000026,200000025,"[{200000026:""小女在送往朝歌途中,就到驿站的时候,被一股黑风卷走,现在下落不明,若是到了大婚之期,还未找到小女,我便成了欺君罪臣了.我刚听闻冀州驿站的士兵好像有小女的消息,少侠你代我去求证一下吧.""}]","[{200000025:""现在的妖怪真多.""}]","{200000026:""小女有消息了吗?""}",,0,0,0,79,81,40,0,,,,,,,,,,,,,,,,,,
10125,营救妲己,1,,0,,0,,,,0,0,0,0,0,0,0,200000025,200000020,"[{200000025:""那天,我在冀州轩辕坟附近听到有女子哭声,但是又见不到人影,迎娶嫁妆都散落在轩辕坟.传说轩辕坟里有一只千年九尾狐,我想估计是被九尾狐抓去了.""}]","[{200000020:""谢{player}出手,皇上大婚得以顺利举行.""}]","{200000025:""估计苏侯爷之女在轩辕坟里.""}",,0,"去{inst10007|100017,轩辕坟}击杀{inst10007|100017,九尾狐}",0,80,82,40,0,,,,,,,,,,,,,,,,,,
10126,大婚之日,1,,0,,0,,,,0,0,0,0,0,0,0,200000020,200000018,"[{200000020:""皇上正在举行大婚,少侠你也去道贺一番吧.""}]","[{200000018:""爱卿快来与朕畅饮一杯.""}]","{200000020:""快去敬皇上一杯.""}",,0,0,0,81,83,41,0,,,,,,,,,,,,,,,,,,
10127,关怀下属,1,,0,,0,,,,0,0,0,0,0,0,0,200000018,200000046,"[{200000018:""据闻陈塘关李靖家中特闻事变,估今不能上朝贺朕,李靖乃一介忠良,深得朕心,朕相当忧心,你代朕去慰问一下李爱卿吧.""}]","[{200000046:""承蒙皇上忧心,臣最该万死.""}]","{200000018:""李爱卿现在如何了?""}",,0,0,0,82,84,41,0,,,,,,,,,,,,,,,,,,
10128,怀胎三年,1,,0,,0,,,,0,0,0,0,0,0,0,200000046,200000047,"[{200000046:""我夫人怀胎三年有余,至今未见产出,我怀疑所怀并非我类,如若真是妖怪,不如早早除之.但夫人不愿,我也无可奈何.{player}仙风道骨,看来亦非凡人.望少侠能劝说夫人,不然若产下妖怪,必定为祸人间.""}]","[{200000047:""三年还未出生,这胎是仙是妖啊?""}]","{200000046:""夫人是否决定除去怀中之胎.""}",,0,0,0,83,85,42,0,,,,,,,,,,,,,,,,,,
10129,莲池采香,1,,0,,0,,,,0,0,0,0,0,0,200006,200000047,200000047,"[{200000047:""其实我这腹中胎儿也不是完全没有动静,因为每年莲香池莲花盛开之际,我一闻到莲花香气,胎儿就宠宠欲动,估计此子与莲有缘.今年又到了莲花盛开之际,我想再闻一次莲花香,如果此子再不出世,我便将他除去.""}]","[{200000047:""希望这次宝宝能顺利出生.""}]","{200000047:""希望再闻一次莲花香气,胎儿就出生.""}",,0,0,0,84,86,42,0,,,,,,,,,,,,,,,,,,
10130,静候佳音,1,,0,,0,,,,0,0,0,0,0,0,0,200000047,200000046,"[{200000047:""相公又为龙王三太子之事苦恼了,我胎儿的事先不要紧,少侠请到我相公之处,看看发生了什么事吧.""}]","[{200000046:""三太子是这次真是太过分了.""}]","{200000047:""不知龙王三太子又在我陈塘关犯了什么事了?""}",,0,0,0,85,87,43,0,,,,,,,,,,,,,,,,,,
10131,狗仗人势,1,,0,,0,,,,0,0,0,0,0,0,0,200000046,200000046,"[{200000046:""龙王三太子仗着父亲东海龙王之名无恶不作,现在连他手下的一些虾兵蟹将都开始目中无人,就在钱塘江畔拦劫渔民.刚才有士兵来报,又有一群巨钳将在钱塘江欺负百姓,还打了朝廷的士兵.{player}可否代为去教训一下它们?""}]","[{200000046:""你杀退巨钳将的事迹,陈塘关百姓人人乐道,我代陈塘关百姓谢过了.""}]","{200000046:""龙王三太子的恶行附近百姓人人切齿,现在连他几个手下都如此猖狂.""}",,0,"去{inst10008|100018,钱塘江畔}击杀30只{inst10008|100018,巨钳将}",0,86,88,43,0,{100018:30},,,,,,,,,,,,,,,,,
10132,哪吒问世,1,,0,,0,,,,0,0,0,0,0,0,0,200000046,200000047,"[{200000046:""昨夜夫人终于诞下一婴儿,不过此婴甚怪,诞下几个时辰便能说会走,我疑是妖物,欲举剑斩之,岂料夫人挺身阻拦,我现在亦无可奈何.""}]","[{200000047:""幸好我挺身阻拦,不然小儿早而夭折.""}]","{200000046:""婴儿去向只有夫人才知晓.""}",,0,0,0,87,89,44,0,,,,,,,,,,,,,,,,,,
10133,天命福星1,1,,0,,0,,,,0,0,0,0,0,0,0,200000047,200000048,"[{200000047:""当晚深夜,突然一阵金光射入将我儿带走,直飞莲香池方向,现在我亦不知小儿生死.""}]","[{200000048:""九转灵珠显尘世,莲花蒂落汇天际.今随太乙金光洞,他朝降妖耀天庭.""}]","{200000047:""我儿现在如何了?""}",,0,0,0,88,90,44,0,,,,,,,,,,,,,,,,,,
10134,天命福星2,1,,0,,0,,,,0,0,0,0,0,0,0,200000046,200000046,"[{200000046:""太乙..?金光洞..?莫非是乾元山金光洞的太乙真人.若真是得到此真人教化,我儿他日大器必成.""}]","[{200000046:""我儿之事麻烦少侠了.""}]",,,0,0,0,89,91,45,0,,,,,,,,,,,,,,,,,,
10135,东海来犯,1,,0,,0,,,,0,0,0,0,0,0,0,200000046,200000049,"[{200000046:""早日击退的龙宫巨钳将现在又再来犯,这次还带来了其他龙族帮手,来找我麻烦,附近的百姓也殃及池鱼,我现在就去和龙王交涉,少侠请帮忙去抵挡一下.""}]","[{200000049:""岩龟将已经领略了{player}的厉害,暂时退散了.""}]","{200000046:""我去和龙王交涉,让他召回他龙族的兵将.""}",,0,"去{inst10008|10001,钱塘江畔}击杀30只岩龟将{inst10008|10001,岩龟将}",0,90,92,45,0,,,,,,,,,,,,,,,,,,
10136,东海撒泼,1,,0,,0,,,,0,0,0,0,0,0,0,200000046,200000046,"[{200000046:""这次去龙王庙与龙王三太子交涉,他说有个姓李的小孩打伤了巡海夜叉,还说李姓小孩与我有关,所以才叫龙族兵将上岸闹事.我两个儿子都不在陈塘关,这分明是借口嘛!""}]","[{200000046:""龙王三太子真是无理取闹,要不是看在他是东海龙王的儿子,早就拿他法办了.""}]",,,0,0,0,91,93,46,0,,,,,,,,,,,,,,,,,,
10137,强抢民女,1,,0,,0,,,,0,0,0,0,0,0,0,200000050,200000051,"[{200000050:""呜!!呜!!!我的小孙女啊!刚才来了一群妖怪,张得虾蟹摸样,把我的小孙女抢走了,跑去龙王庙那边了!""}]","[{200000051:""破旧的庙宇.""}]","{200000050:""什么世道啊?妖怪出来抢人啦!""}",,0,0,0,92,94,46,0,,,,,,,,,,,,,,,,,,
10138,怒拆龙庙,1,,0,,0,,,,0,0,0,0,0,0,0,200000051,200000050,"[{player}:""只有一个破庙,龙王去那了,找不到人,先砸了龙王庙再说.""}]","[{200000050:""我可怜的小孙女啊!现在都不知去向了.""}]",,,0,0,0,93,95,47,0,,,,,,,,,,,,,,,,,,
10139,主持公道,1,,0,,0,,,,0,0,0,0,0,0,0,200000050,200000046,"[{200000050:""龙族们天天来村子里闹,开始只是吓唬吓唬村民,之后就开始欺负村民.我们向李总兵上报,可是李总兵一点都不管.现在都龙族都开始抢人了,都怪李总兵一直忍让龙族.""}]","[{200000046:""少侠为何怒气冲冲.""}]","{200000050:""一定要让李总兵为我主持公道啊!""}",,0,0,0,94,96,47,0,,,,,,,,,,,,,,,,,,
10140,朝歌急召,1,,0,,0,,,,0,0,0,0,0,0,0,200000046,200000020,"[{200000046:""此事已有士兵来报,龙王三太子必须要惩治一下他,我已点兵,准备亲自带兵向三太子要人,少侠勿恼火,交给我等去办就行.刚才武成王黄飞虎派人来召少侠,请少侠速速到朝歌武成王处一趟.""}]","[{200000020:""少侠到来正好,皇上有机密要事召你.""}]","{200000046:""此地发生之事,我全权负责,请少侠速速到武成王处.""}",,0,0,0,95,97,48,0,,,,,,,,,,,,,,,,,,
10141,西岐来客,1,,0,,0,,,,0,0,0,0,0,0,0,200000018,200000020,"[{200000018:""西伯侯姬昌之子来朝面圣,本来一方诸侯亲眷面圣本是常事,但此人心高气傲,由于琴艺出众深得妲己器重,其后更加目中无人.经常借故亲近后宫,完全不顾伦理纲常,甚是可恶.昨夜竟然私携一宫女出宫,实在令朕忍无可忍,你与武成王速去查证查证.""}]","[{200000020:""此事我已暗中派人调查,已有眉目.""}]","{200000018:""虽然伯邑考为西伯侯之子,但如若犯事亦与庶民同罪.""}",,0,0,0,96,98,48,0,,,,,,,,,,,,,,,,,,
10142,追查邑考,1,,0,,0,,,,0,0,0,0,0,0,0,200000020,200000046,"[{200000020:""昨夜南门守城士兵来报,有一儒士携一名貌似宫女的女眷驾马车出城,其状态嚣张跋扈,根本就不像一个文人儒士马车朝陈塘关飞奔去了.你到陈塘关李靖处查查有什么线索.""}]","[{200000046:""据护卫来报,昨夜的确有一马车冲关来到陈塘关.""}]","{200000020:""估计伯邑考已经携宫女向陈塘关去了.""}",,0,0,0,97,99,49,0,,,,,,,,,,,,,,,,,,
10143,追查真相,1,,0,,0,,,,0,0,0,0,0,0,0,200000046,200000052,"[{200000046:""马车从关口一直冲向钱塘江畔,最后在钱塘江畔损毁.但是,士兵在损毁的马车上确没有发现有人.""}]","[{200000052:""一辆已经损坏的马车,里面空无一物.""}]","{200000046:""马车附近有什么发现吗?""}",,0,0,0,98,100,49,0,,,,,,,,,,,,,,,,,,
10144,元凶乍现,1,,0,,0,,,,0,0,0,0,0,0,0,200000052,200000046,"[{200000052:""此等是何物?从未见过,只好回去问问李总兵了.""}]","[{200000046:""此甲片为龙族的鳞片,只有拥有龙族血统的真龙身上才有,难道此事又与龙王三太子这个孽障有关?""}]",,,0,0,0,99,101,50,0,,,,,,,,,,,,,,,,,,
10145,捣毁龙宫,1,,0,,0,,,,0,0,0,0,0,0,0,200000046,200000018,"[{200000046:""此事果真与龙族有关,我一直忍让龙族,是因为它们是上天派来管理人间风雨之神,但是人间也有人间的规矩,岂容一个龙族扰乱人间,我要出兵向龙王要人问罪,这回要龙族知道我李靖也不是好欺负的.我带兵直接与龙王对持,少侠你偷偷潜入东海龙宫救伯邑考和被劫村民.""}]","[{200000018:""龙王三太子未免也太长猖狂吧.”}]","{200000046:""少侠准备好潜入东海龙宫了吗?""}",,0,0,0,100,102,50,0,,,,,,,,,,,,,,,,,,
,,,,,,,,,,,,,,,,,,,,,,,,,,,,,,,,,,,,,,,,,,,,,,,
20001,广交仙缘,2,,0,,0,1,,,0,,0,0,0,0,0,200000002,200000002,"[{200000002:""所谓孤掌难鸣,独木难支.此次众仙下凡,大家可是各怀鬼胎.你得团结我教中人,一来彼此有个照应,二来,没那么容易被两教人迫害.""}]","[{player}:""谢谢教主指点.""}]",,,去云渡天找{200000002元始天尊},去云渡天找{200000002元始天尊},去云渡天找{200000002元始天尊},0,0,10,0,,,,,,,,,,,,,,,,,,
20002,广交仙缘,2,,0,,0,2,,,0,,0,0,0,0,0,200000003,200000003,"[{200000003:""所谓孤掌难鸣,独木难支.此次众仙下凡,大家可是各怀鬼胎.你得团结我教中人,一来彼此有个照应,二来,没那么容易被两教人迫害.""}]","[{player}:""谢谢教主指点.""}]",,,去云渡天找{200000003通天教主},去云渡天找{200000003通天教主},去云渡天找{200000003通天教主},0,0,10,0,,,,,,,,,,,,,,,,,,
20003,广交仙缘,2,,0,,0,3,,,0,,0,0,0,0,0,200000004,200000004,"[{200000004:""所谓孤掌难鸣,独木难支.此次众仙下凡,大家可是各怀鬼胎.你得团结我教中人,一来彼此有个照应,二来,没那么容易被两教人迫害.""}]","[{player}:""谢谢教主指点.""}]",,,去云渡天找{200000004接引道人},去云渡天找{200000004接引道人},去云渡天找{200000004接引道人},0,0,10,0,,,,,,,,,,,,,,,,,,
20004,组队杀敌1,2,,0,,0,,,,0,,0,0,0,0,0,200000010,200000010,"[{200000010:""打怪慢,升级难,组队可以帮你忙.升级容易经验翻,一起娱乐更健康.""}]","[{player}:""知道了.""}]",,,去无量天找{200000011守园仙童},0,0,0,0,11,0,,,,,,,,,,,,,,,,,,
20005,游历朝歌1,2,,0,,0,1,,,0,,0,0,0,0,0,200000014,200000014,"[{200000014:""朝歌城经过商朝管治了800多年,代代帝王管理有方,使得大商天下国泰民安.朝歌城内更是聚集了天下能人异士,游道散仙.他们经常在这里互相交流,学习.有时候连一些洗练成形的妖怪也会出现.""}]","[{player}:""果然是一派繁华景象.""}]",,,去朝歌找{200000014阐教缘引人},去朝歌找{200000014阐教缘引人},去朝歌找{200000014阐教缘引人},0,2,20,0,,,,,,,,,,,,,,,,,,
20006,游历朝歌1,2,,0,,0,2,,,0,,0,0,0,0,0,200000015,200000015,"[{200000015:""朝歌城经过商朝管治了800多年,代代帝王管理有方,使得大商天下国泰民安.朝歌城内更是聚集了天下能人异士,游道散仙.他们经常在这里互相交流,学习.有时候连一些洗练成形的妖怪也会出现.""}]","[{player}:""果然是一派繁华景象.""}]",,,去朝歌找{200000015截教缘引人},去朝歌找{200000015截教缘引人},去朝歌找{200000015截教缘引人},0,2,20,0,,,,,,,,,,,,,,,,,,
20007,游历朝歌1,2,,0,,0,3,,,0,,0,0,0,0,0,200000016,200000016,"[{200000016:""朝歌城经过商朝管治了800多年,代代帝王管理有方,使得大商天下国泰民安.朝歌城内更是聚集了天下能人异士,游道散仙.他们经常在这里互相交流,学习.有时候连一些洗练成形的妖怪也会出现.""}]","[{player}:""果然是一派繁华景象.""}]",,,去朝歌找{200000016西方教缘引人},去朝歌找{200000016西方教缘引人},去朝歌找{200000016西方教缘引人},0,2,20,0,,,,,,,,,,,,,,,,,,
20008,游历朝歌2,2,,0,,0,1,,,0,,0,0,0,0,0,200000014,200000021,"[{200000014:""朝歌城百业兴旺,其中武器行里更是人来人往,不少经过此地的云游道士,往来客商都到他那里买件防身的武器.你去武器行瞧瞧,必有收获.""}]","[{200000021:""阁下好眼光,全城就我这里武器装备最好.""}]","{200000014:""一件称手的武器,是来到人间必备的.""}",,去朝歌找{200000014阐教缘引人},去朝歌找{200000021武器行掌柜},去朝歌找{200000021武器行掌柜},1,3,20,0,,,,,,,,,,,,,,,,,,
20009,游历朝歌2,2,,0,,0,2,,,0,,0,0,0,0,0,200000015,200000021,"[{200000015:""朝歌城百业兴旺,其中武器行里更是人来人往,不少经过此地的云游道士,往来客商都到他那里买件防身的武器.你去武器行瞧瞧,必有收获.""}]","[{200000021:""阁下好眼光,全城就我这里武器装备最好.""}]","{200000015:""一件称手的武器,是来到人间必备的.""}",,去朝歌找{200000015截教缘引人},去朝歌找{200000021武器行掌柜},去朝歌找{200000021武器行掌柜},1,3,20,0,,,,,,,,,,,,,,,,,,
20010,游历朝歌2,2,,0,,0,3,,,0,,0,0,0,0,0,200000016,200000021,"[{200000016:""朝歌城百业兴旺,其中武器行里更是人来人往,不少经过此地的云游道士,往来客商都到他那里买件防身的武器.你去武器行瞧瞧,必有收获.""}]","[{200000021:""阁下好眼光,全城就我这里武器装备最好.""}]","{200000016:""一件称手的武器,是来到人间必备的.""}",,去朝歌找{200000016西方教缘引人},去朝歌找{200000021武器行掌柜},去朝歌找{200000021武器行掌柜},1,3,20,0,,,,,,,,,,,,,,,,,,
20011,欠债还钱,2,,0,,0,,,,0,,0,0,0,0,0,200000021,200000030,"[{200000021:""天下每件武器都有一个很厉害的隐藏属性,只要发挥出来,就能让武器发光发亮,不过我现在没空,防具行掌柜之前借了我一些钱,我要去追债.要不比帮我去追讨一下,回来我告诉你武器的秘密.""}]","[{2017:""呀!这么快就追钱啦!.""}]","{200000021:""钱都追回来了吗?""}",,去朝歌找{200000021武器行掌柜},去朝歌找{200000030防具行掌柜},去朝歌找{200000030防具行掌柜},2,4,21,0,,,,,,,,,,,,,,,,,,
20012,成功追讨,2,,0,,0,,,,0,,0,0,0,0,0,200000030,200000021,"[{200000030:""来,这是欠武器行掌柜的钱,麻烦阁下代为送过去.""}]","[{200000021:""阁下做事真妥当,我送你一件武器.""}]","{200000030:""已经连本带利了,还不够么?""}",,去朝歌找{200000030防具行掌柜},去朝歌找{200000021武器行掌柜},去朝歌找{200000021武器行掌柜},3,5,21,0,,,,,,,,,,,,,,,,,,
20013,洗练教学,2,,0,,0,,,,0,,0,0,0,0,0,200000021,200000021,"[{200000021:""神兵武器都可以通过升级来提升自身属性.""}]","[{200000021:""武器经过升级之后，威力大大增强了许多吧.""}]",,,去朝歌找{200000021武器行掌柜},去朝歌找{200000021武器行掌柜},去朝歌找{200000021武器行掌柜},4,6,21,0,,,,,,,,,,,,,,,,,,
20014,互相帮忙1,2,,0,,0,,,,0,,0,0,0,0,0,200000030,200000019,"[{200000030:""朝歌城里人人都很和谐,那是因为个个都懂得相互帮忙,刚才药材铺掌柜叫我去冀州帮他采集灵芝10个个给他,阁下有空闲就帮个忙吧.""}]","[{200000019:""灵芝正好缺货.""}]","{200000030:""帮个忙吧,必有酬报.""}",,去朝歌找{200000030防具行掌柜},去冀州采集{11005灵芝},去朝歌找{200000019药材铺老板},0,2,21,0,,{11005:10},{11005:10},,,,,,,,,,,,,,,
20015,互相帮忙2,2,,0,,0,,,,0,,0,0,0,0,0,200000019,200000030,"[{200000019:""阁下可真所谓雪中送炭啊,辛苦了,你去和防具行掌柜说一声,灵芝我已经收到了.""}]","[{200000030:""药材送到就好,何须言谢.""}]","{200000019:""防具行掌柜为人诚信有加,是值得一交的好人.""}",,去朝歌找{200000019药材铺老板},去朝歌找{200000030防具行掌柜},去朝歌找{200000030防具行掌柜},1,3,21,0,,,,,,,,,,,,,,,,,,
20016,合成首饰,2,,0,,0,,,,0,,0,0,0,0,0,200000030,200000030,"[{200000030:""我刚才送你的那套首饰,其实可以不用去买的用装备合成便行.""}]","[{{player}:""谢谢掌柜教导.""}]",,,去朝歌找{200000030防具行掌柜},去朝歌找{200000030防具行掌柜},去朝歌找{200000030防具行掌柜},2,0,21,0,,,,,,,,,,,,,,,,,,
20017,天兵神器,2,,0,,0,,,,0,,0,0,0,0,0,200000031,200000031,"[{200000031:""你可知道无论武器防具都有灵性,如果武器灵性与主人技能想呼应,那就真是天下无敌了,不过装备的灵性不是随便就能发挥出来的.""}]","[{{player}:""得掌柜点化,我已经觉得天下无敌了.""}]",,,去朝歌找{200000031铸造行老板},去朝歌找{200000031铸造行老板},去朝歌找{200000031铸造行老板},0,2,24,0,,,,,,,,,,,,,,,,,,
20018,额外惊喜,2,,0,,0,,,,0,,0,0,0,0,0,200000031,200000032,"[{200000031:""武器除了可以增强属性以外,还有一个特殊的功能,朝歌城的首饰行掌柜最了解了,你去请教一下吧.""}]","[{200000032:""装备是有一个镶嵌宝石的法门.""}]","{200000031:""提高武器装备特性,做事起来爽快多了.""}",,去朝歌找{200000031铸造行老板},去朝歌找{200000032首饰行掌柜},去朝歌找{200000032首饰行掌柜},1,3,24,0,,,,,,,,,,,,,,,,,,
20019,寻觅遗物,2,,0,,0,,,,0,,0,0,0,0,0,200000032,200000033,"[{200000032:""我可以传授你镶嵌的技术,不过我现在没有心情,我母亲的遗物被我弄掉了,我满大街都找不到,听说朝歌城里的老叫花子经常在城里捡破烂,不知道他有没有捡到?""}]","[{200000033:""朝歌城里个个都叫我犀利伯.""}]","{200000032:""老叫花子怎么说?""}",,去朝歌找{200000032首饰行掌柜},去朝歌找{200000033老叫花子},去朝歌找{200000033老叫花子},2,4,24,0,,,,,,,,,,,,,,,,,,
20020,以钱换物,2,,0,,0,,,,0,,0,0,0,0,0,200000033,200000033,"[{200000033:""我早些天是在大街上捡到一件精致的东西,不过我捡得这么辛苦,也不能白送给你啊,给我十个银币,我就给你.""}]","[{{player}:""老人家果然犀利.""}]",,,去朝歌找{200000033老叫花子},去朝歌找{200000033老叫花子},去朝歌找{200000033老叫花子},3,5,24,0,,,银锭10个,,,,,,,,,,,,,,,
20021,寻回失物,2,,0,,0,,,,0,,0,0,0,0,200008,200000033,200000032,"[{200000033:""这件好东西我也爱不释手,不过既然有失主了,我也不应该独占,拿回去给首饰行掌柜吧.""}]","[{200000032:""还以为再也见不到它了.""}]","{200000033:""一定要把东西归还给首饰行掌柜啊",,去朝歌找{200000033老叫花子},去朝歌找{200000032首饰行掌柜},去朝歌找{200000032首饰行掌柜},4,6,24,0,,,{200008:1},,,,,,,,,,,,,,,
20022,学会镶嵌,2,,0,,0,,,,0,,0,0,0,0,0,200000032,200000032,"[{200000032:""刚才给你的那块宝石不是一般的宝石喔,把它镶在装备上,会有意想不到的效果.""}]","[{200000032:""一定要镶嵌适合自己的宝石.""}]",,,去朝歌找{200000032首饰行掌柜},去朝歌找{200000032首饰行掌柜},去朝歌找{200000032首饰行掌柜},5,0,24,0,,,,,,,,,,,,,,,,,,
20023,封神卡片,2,,0,,0,1,,,0,,0,0,0,0,0,200000014,200000014,"[{200000014:""这次下凡寻找能上封神神位之人是关键任务,你手上的封神册除了记录封神名单之外,还有一个不为人知的用途.""}]","[{{player}:""果然是一本惊天动地的神册.""}]",,,去朝歌找{200000014阐教缘引人},去朝歌找{200000014阐教缘引人},去朝歌找{200000014阐教缘引人},0,0,20,0,,,,,,,,,,,,,,,,,,
20024,封神卡片,2,,0,,0,2,,,0,,0,0,0,0,0,200000015,200000015,"[{200000015:""这次下凡寻找能上封神神位之人是关键任务,你手上的封神册除了记录封神名单之外,还有一个不为人知的用途.""}]","[{{player}:""果然是一本惊天动地的神册.""}]",,,去朝歌找{200000015截教缘引人},去朝歌找{200000015截教缘引人},去朝歌找{200000015截教缘引人},0,0,20,0,,,,,,,,,,,,,,,,,,
20025,封神卡片,2,,0,,0,3,,,0,,0,0,0,0,0,200000016,200000016,"[{200000016:""这次下凡寻找能上封神神位之人是关键任务,你手上的封神册除了记录封神名单之外,还有一个不为人知的用途.""}]","[{{player}:""果然是一本惊天动地的神册.""}]",,,去朝歌找{200000016西方教缘引人},去朝歌找{200000016西方教缘引人},去朝歌找{200000016西方教缘引人},0,0,20,0,,,,,,,,,,,,,,,,,,
20026,是狼是狗,2,,0,,0,,,,0,,0,0,0,0,0,200000034,200000035,"[{200000034:""我刚买回来的小宝啊!不知跑去那里了,它是一只哈士奇.帅哥,你去帮我找找我小宝吧.""}]","[{200000035:""我这各式各样的宠物都有.""}]","{200000034:""帅哥,我的小宝还在么?""}",,去朝歌找{200000034贵妇人},去朝歌找{200000035宠物店老板},去朝歌找{200000035宠物店老板},0,2,26,0,,,,,,,,,,,,,,,,,,
20027,分辨犬狼,2,,0,,0,,,,0,,0,0,0,0,0,200000035,200000035,"[{200000035:""朝歌城里最近发现有狼出没,城里出现狼,自然人人恐慌,就连一些性格温顺但是又像狼的狗,都被赶到城边集中在一处了.这有根锁犬套,你到那去抓吧.记住,哈士奇是黑白混间的.""}]","[{200000035:""对了,这种就叫哈士奇,是良种名犬.""}]","{200000035:""没有见到黑白混间的狗吗?""}",,去朝歌找{200000035宠物店老板},去朝歌捕捉{11006哈士奇},去朝歌找{200000035宠物店老板},1,3,26,0,,{11006:1},,,,,,,,,,,,,,,,
20028,物归原主,2,,0,,0,,,,0,,0,0,0,0,0,200000035,200000034,"[{200000035:""哈士奇一般都很温顺友好,不会主动攻击人类,而且活泼好动,又热情,很少吠叫.最重要的是它们很爱干净,由于品种比较名贵,一般人还养不起呢.""}]","[{200000034:""我的宝贝你回来了,谢谢大侠.""}]","{200000035:""狗狗的主人一定很担心吧!""}",,去朝歌找{200000035宠物店老板},去朝歌找{200000034贵妇人},去朝歌找{200000034贵妇人},2,0,26,0,,,{11006:1},,,,,,,,,,,,,,,
20029,回灵之殿,2,,0,,0,1,,,0,,0,0,0,0,0,200000014,200000036,"[{200000014:""天上与人间的环境不同,所以每个下凡的仙人在下凡到人间时,身上都带有一种瘴气.此瘴气会将下凡仙人的能力逐渐降低.最后,原本是天上仙人下凡的,就会变成一个普通百姓,再也不会升为仙家了.因此,教主特别在朝歌城中创立回灵殿,用来消除上仙下凡的瘴气,你到城中副本管理员处便可.""}]","[{200000036:""你准备好了没?""}]","{200000014:""如不尽快消除下凡瘴气,变成一般凡人.""}",,去朝歌找{200000014阐教缘引人},去朝歌找{200000036副本管理员},去朝歌找{200000036副本管理员},0,2,29,0,,,,,,,,,,,,,,,,,,
20030,回灵之殿,2,,0,,0,2,,,0,,0,0,0,0,0,200000015,200000036,"[{200000015:""天上与人间的环境不同,所以每个下凡的仙人在下凡到人间时,身上都带有一种瘴气.此瘴气会将下凡仙人的能力逐渐降低.最后,原本是天上仙人下凡的,就会变成一个普通百姓,再也不会升为仙家了.因此,教主特别在朝歌城中创立回灵殿,用来消除上仙下凡的瘴气,你到城中副本管理员处便可.""}]","[{200000036:""你准备好了没?""}]","{200000015:""如不尽快消除下凡瘴气,变成一般凡人.""}",,去朝歌找{200000015截教缘引人},去朝歌找{200000036副本管理员},去朝歌找{200000036副本管理员},0,2,29,0,,,,,,,,,,,,,,,,,,
20031,回灵之殿,2,,0,,0,3,,,0,,0,0,0,0,0,200000016,200000036,"[{200000016:""天上与人间的环境不同,所以每个下凡的仙人在下凡到人间时,身上都带有一种瘴气.此瘴气会将下凡仙人的能力逐渐降低.最后,原本是天上仙人下凡的,就会变成一个普通百姓,再也不会升为仙家了.因此,教主特别在朝歌城中创立回灵殿,用来消除上仙下凡的瘴气,你到城中副本管理员处便可.""}]","[{200000036:""你准备好了没?""}]","{200000016:""如不尽快消除下凡瘴气,变成一般凡人.""}",,去朝歌找{200000016西方教缘引人},去朝歌找{200000036副本管理员},去朝歌找{200000036副本管理员},0,2,29,0,,,,,,,,,,,,,,,,,,
20032,仙气归位,2,,0,,0,1,,,0,,0,0,0,0,0,200000036,200000014,"[{200000036:""此处是进入回灵殿入口,进去后你会见到围绕你身上的螭魅,你要消灭它,才能保住你身上的仙气被吸收.""}]","[{200000014:""恭喜你,身上螭魅已除,可以继续在下界行走了.""}]","{200000036:""我见你身上还有瘴气,一定是螭魅未除.""}",,去朝歌找{200000036副本管理员},,去朝歌找{200000014阐教缘引人},1,0,29,0,,,,,,,,,,,,,,,,,,
20033,仙气归位,2,,0,,0,2,,,0,,0,0,0,0,0,200000036,200000015,"[{200000036:""此处是进入回灵殿入口,进去后你会见到围绕你身上的螭魅,你要消灭它,才能保住你身上的仙气被吸收.""}]","[{200000015:""恭喜你,身上螭魅已除,可以继续在下界行走了.""}]","{200000036:""我见你身上还有瘴气,一定是螭魅未除.""}",,去朝歌找{200000036副本管理员},0,去朝歌找{200000015截教缘引人},1,0,29,0,,,,,,,,,,,,,,,,,,
20034,仙气归位,2,,0,,0,3,,,0,,0,0,0,0,0,200000036,200000016,"[{200000036:""此处是进入回灵殿入口,进去后你会见到围绕你身上的螭魅,你要消灭它,才能保住你身上的仙气被吸收.""}]","[{200000016:""恭喜你,身上螭魅已除,可以继续在下界行走了.""}]","{200000036:""我见你身上还有瘴气,一定是螭魅未除.""}",,去朝歌找{200000036副本管理员},0,去朝歌找{200000016西方教缘引人},1,0,29,0,,,,,,,,,,,,,,,,,,
20035,收集证据,2,,0,,0,,,,0,,0,0,0,0,0,200000017,200000037,"[{200000017:""老是有百姓投诉在冀州被强盗抢去财物,冀州侯这小子是不是暗中收到好处了,竟然让强盗如痴猖獗,你去冀州恶霸出没之地,要他们写认罪书,暂时先要20份,看看能不能掰到苏护小子.""}]","[{200000037:""我将这些认罪书呈给宰相.""}]","{200000017:""把苏护小子掰下来,给你个冀州侯当当.""}",,去朝歌找{200000017商容},去冀州雨泽林杀{100019恶霸},去朝歌找{200000037驿站小吏},0,2,31,0,,{11007:20},{11007:20},,,,,,,,,,,,,,,
20036,雨林丰收,2,,0,,0,,,,0,,0,0,0,0,0,200000037,200000038,"[{200000037:""最近在雨泽林处发现一些地方有梦回果,这种果城里能买个钱,我一个朝廷小官俸禄低微,只能靠这些发个小财了.少侠是否有空帮我采集一些,交给我老婆,让她去城里卖个钱帮补一下家用.""}]","[{200000038:""哇~~梦回果,这回可以过一个肥年了.""}]","{200000037:""梦回果据说吃了以后,人就会有飘飘欲仙的感觉.""}",,去朝歌找{200000037驿站小吏},去冀州雨泽林采集{11008梦回果},去朝歌找{200000038晾衣服的妇人},1,3,31,0,,{11008:20},{11008:20},,,,,,,,,,,,,,,
20037,递交赋税,2,,0,,0,,,,0,,0,0,0,0,200009,200000038,200000017,"[{200000038:""买卖东西是要交赋税的,这是卖梦回果的收入税金,麻烦转交给宰相.""}]","[{200000017:""百姓多交赋税才能令国家富强.""}]","{200000038:""不交税,下次就不给摆摊了.""}",,去朝歌找{200000038晾衣服的妇人},去朝歌找{200000017商容},去朝歌找{200000017商容},2,0,31,0,,,{200009:1},,,,,,,,,,,,,,,
20038,合指一算,2,,0,,0,,,,0,,0,0,0,0,0,200000023,200000039,"[{200000023:""我算过自己的命格,总的来说是上上之选,可为什么总是每天都要这么辛苦的摆摊,你看那个死胖子,整天睡觉还不愁吃喝,活得这么自在.是不是有什么秘诀啊?""}]","[{200000039:""没有什么秘诀,只是生活方式不同而已.""}]","{200000023:""同人不同命啊!""}",,去朝歌找{200000023算命先生},去朝歌找{200000039睡觉的胖子},去朝歌找{200000039睡觉的胖子},0,2,32,0,,,,,,,,,,,,,,,,,,
20039,生活技巧,2,,0,,0,,,,0,,0,0,0,0,0,200000039,200000039,"[{200000039:""首先要知道自己的能力,然后要清楚身边人的需求,再去做自己能力所及的事,做事方能事半功倍.""},{0:""要如何做呢?""},{2026:""你去冀州猎杀白狐,会拿到白狐皮和狐肉,然后交给酒楼老板和防具行掌柜,回来后再告诉你.""}]",,"{200000039:""生活是一种艺术.""}",,0,0,0,,,,,,,,,,,,,,,,,,,,,,
20040,性格定命数,2,,0,,0,,,,0,,0,0,0,0,0,200000039,200000023,"[{200000039:""不是每个人都能像我一样,因为不是每个人都有我这种特性,别人也不需羡慕.""}]","[{200000023:""果然是高人,怪不得睡觉都能过上好生活.""}]","{200000039:""有些是算命都算不出来的.""}",,去朝歌找{200000039睡觉的胖子},去朝歌找{200000023算命先生},去朝歌找{200000023算命先生},2,0,32,0,,,,,,,,,,,,,,,,,,
20041,富贵养生法,2,,0,,0,,,,0,,0,0,0,0,0,200000034,200000019,"[{200000034:""最近好像精神不足,而且皮肤也开始松弛了,小哥有空帮我到药材铺老板那取些养生药来么?姐会重重打赏你.""}]","[{200000019:""我这里什么药材都有,货真价实啊!""}]","{200000034:""你无需再多问,药材铺老板知道我要用什么药,他懂的!""}",,去朝歌找{200000034贵妇人},去朝歌找{200000019药材铺老板},去朝歌找{200000019药材铺老板},0,2,33,0,,,,,,,,,,,,,,,,,,
20042,珍贵药材,2,,0,,0,,,,0,,0,0,0,0,0,200000019,200000019,"[{200000019:""其它药材都齐全了,现在唯独缺少白狐骨头.白狐只有冀州才有,而且生性多疑,不喜欢人类,所以很难捕捉.""}]","[{200000019:""药材齐全了,这回就算老太婆都能变回美女了.""}]","{200000019:""缺少白狐骨头,这药就毫无功效.""}",,去朝歌找{200000019药材铺老板},去冀州杀{100015白狐},去朝歌找{200000019药材铺老板},1,3,33,0,,{11009:20},{11009:20},,,,,,,,,,,,,,,
20043,有钱真好,2,,0,,0,,,,0,,0,0,0,0,0,200000019,200000034,"[{200000019:""把药拿回去吧,她可是个好客户.每次都舍得花银子,赚得太爽了.""}]","[{200000034:""青春啊,真可爱青春.""}]","{200000019:""我还未收到钱呢,你不会把药都私吞了吧?""}",,去朝歌找{200000019药材铺老板},去朝歌找{200000034贵妇人},去朝歌找{200000034贵妇人},2,0,33,0,,,,,,,,,,,,,,,,,,
20044,一日保姆1,2,,0,,0,,,,0,,0,0,0,0,0,200000040,200000041,"[{200000040:""你好,我是乡下来的,第一天来到城里,我现在饿了,你能带我到城里找吃的吗?听说那边有馅饼买噢!""}]","[{200000041:""这小孩真可爱,是你家的吧?""}]","{200000040:""馅饼摊到了吗?""}",,去朝歌找{200000040嬉戏的小朋友},去朝歌找{200000041武小郎},去朝歌找{200000041武小郎},0,2,34,0,,,,,,,,,,,,,,,,,,
20045,一日保姆2,2,,0,,0,,,,0,,0,0,0,0,0,200000041,200000042,"[{200000041:""我的馅饼要是和隔壁豆腐西施的豆腐脑一起吃,味道更佳.""}]","[{200000042:""甜蜜豆腐脑,上好的豆腐脑.""}]","{200000041:""豆腐西施的铺子就在对面.""}",,去朝歌找{200000041武小郎},去朝歌找{200000042豆腐西施},去朝歌找{200000042豆腐西施},1,3,34,0,,,,,,,,,,,,,,,,,,
20046,一日保姆3,2,,0,,0,,,,0,,0,0,0,0,0,200000040,200000040,"[{200000040:""我吃饱了,要回去了,今天真开心,能带我回去原来的地方吗?谢谢你!""}]","[{200000040:""谢谢!""}]",,,去朝歌找{200000040嬉戏的小朋友},去朝歌找{200000040嬉戏的小朋友},去朝歌找{200000040嬉戏的小朋友},2,0,34,0,,,,,,,,,,,,,,,,,,
20047,教主的指引,2,,0,,0,,,,0,,0,0,0,0,0,200000014,200000017,"[{200000014:""教主见你封神的进度怎么慢,特意指你一条明路.多亲近一些朝廷大官,他们见多识广,适当帮他们处理一些小事,自然就会遇到一些有能力入封神榜的奇人.当朝宰相商容最近有些烦心事,你去接近一下吧.""}]","[{200000017:""正愁找不到人,你就来了.""}]","{200000014:""封神进度这么慢,我们都在等死吧!""}",,去朝歌找{200000014阐教缘引人},去朝歌找{200000017商容},去朝歌找{200000017商容},0,2,35,0,,,,,,,,,,,,,,,,,,
20048,教主的指引,2,,0,,0,,,,0,,0,0,0,0,0,200000015,200000017,"[{200000015:""教主见你封神的进度怎么慢,特意指你一条明路.多亲近一些朝廷大官,他们见多识广,适当帮他们处理一些小事,自然就会遇到一些有能力入封神榜的奇人.当朝宰相商容最近有些烦心事,你去接近一下吧.""}]","[{200000017:""正愁找不到人,你就来了.""}]","{200000015:""封神进度这么慢,我们都在等死吧!""}",,去朝歌找{200000015截教缘引人},去朝歌找{200000017商容},去朝歌找{200000017商容},0,2,35,0,,,,,,,,,,,,,,,,,,
20049,教主的指引,2,,0,,0,,,,0,,0,0,0,0,0,200000016,200000017,"[{200000016:""教主见你封神的进度怎么慢,特意指你一条明路.多亲近一些朝廷大官,他们见多识广,适当帮他们处理一些小事,自然就会遇到一些有能力入封神榜的奇人.当朝宰相商容最近有些烦心事,你去接近一下吧.""}]","[{200000017:""正愁找不到人,你就来了.""}]","{200000016:""封神进度这么慢,我们都在等死吧!""}",,去朝歌找{200000016西方教缘引人},去朝歌找{200000017商容},去朝歌找{200000017商容},0,2,35,0,,,,,,,,,,,,,,,,,,
20050,很拽的士兵,2,,0,,0,,,,0,,0,0,0,0,0,200000017,200000017,"[{200000017:""最近在冀州境内出现了西岐的长矛兵和我朝歌士兵的冲突,本来就是一件小事,但是过后长矛兵还在叫嚣,而且还不断来人集结.这样对附近百姓造成滋扰,如果有朝歌派兵去镇压,又怕伤到西伯侯脸面,少侠能否到冀州教训一下长矛兵,让他们知难而退.""}]","[{200000017:""百姓终于得到安宁了.""}]","{200000017:""若是有朝廷出兵镇压,百姓必定遭殃.""}",,去朝歌找{200000017商容},去冀州杀{100020长矛兵},去朝歌找{200000017商容},1,3,35,0,{100020:25},,,,,,,,,,,,,,,,,
20051,朝廷的赞赏,2,,0,,0,,,,0,,0,0,0,0,0,200000017,200000014,"[{200000017:""我很欣赏你们教在民间的教义,而且这次镇压西岐士兵的动乱也出了不少力,朝廷希望你们能在我朝继续传道,以后有什么困难,就直接来找我吧,无需通报!""}]","[{200000014:""我教能在下界传播教义,就全靠你了.""}]","{200000017:""这么快就有困难了?不是吧?""}",,去朝歌找{200000017商容},去朝歌找{200000014阐教缘引人},去朝歌找{200000014阐教缘引人},2,0,35,0,,,,,,,,,,,,,,,,,,
20052,朝廷的赞赏,2,,0,,0,,,,0,,0,0,0,0,0,200000017,200000015,"[{200000017:""我很欣赏你们教在民间的教义,而且这次镇压西岐士兵的动乱也出了不少力,朝廷希望你们能在我朝继续传道,以后有什么困难,就直接来找我吧,无需通报!""}]","[{200000015:""我教能在下界传播教义,就全靠你了.""}]","{200000017:""这么快就有困难了?不是吧?""}",,去朝歌找{200000017商容},去朝歌找{200000015截教缘引人},去朝歌找{200000015截教缘引人},2,0,35,0,,,,,,,,,,,,,,,,,,
20053,朝廷的赞赏,2,,0,,0,,,,0,,0,0,0,0,0,200000017,200000016,"[{200000017:""我很欣赏你们教在民间的教义,而且这次镇压西岐士兵的动乱也出了不少力,朝廷希望你们能在我朝继续传道,以后有什么困难,就直接来找我吧,无需通报!""}]","[{200000016:""我教能在下界传播教义,就全靠你了.""}]","{200000017:""这么快就有困难了?不是吧?""}",,去朝歌找{200000017商容},去朝歌找{200000016西方教缘引人},去朝歌找{200000016西方教缘引人},2,0,35,0,,,,,,,,,,,,,,,,,,
20054,市场需求,2,,0,,0,,,,0,,0,0,0,0,0,200000043,200000037,"[{200000043:""最近客人们都在点清炖白狐肉,所以一时供不应求,一向都由冀州的驿站小吏供给的,但是不知道最近怎么供应断了,什么情况呢?""}]","[{200000037:""忙死啦!忙死啦!""}]","{200000043:""趁最近狐肉热,狠狠捞他一笔.""}",,去朝歌找{200000043酒楼老板},去朝歌找{200000037驿站小吏},去朝歌找{200000037驿站小吏},0,2,36,0,,,,,,,,,,,,,,,,,,
20055,杀狐取肉,2,,0,,0,,,,0,,0,0,0,0,0,200000037,200000037,"[{200000037:""最近朝歌城里出事了,所以经常有上级官员来巡视,分不开身去猎去青狐.你能否去猎取狐狸肉,顶多利润和你平分,如何?""}]","[{200000037:""这是你的报酬,我这个人做事向来公道,青狐肉我会找人送去掌柜那里.""}]","{200000037:""再不供应青狐肉,掌柜的以后都不找我合作了.""}",,去朝歌找{200000037驿站小吏},去冀州杀{100021青狐},去朝歌找{200000037驿站小吏},1,3,36,0,,{11010:20},{11010:20},,,,,,,,,,,,,,,
20056,珍贵木材,2,,0,,0,,,,0,,0,0,0,0,0,200000037,200000026,"[{200000037:""冀州侯来找我去帮他收集紫檀木,虽然报酬不错,但每次都是为了去看他女儿一眼才去的,可今天实在脱不了身.你若是又想赚钱,又想看美女,就麻烦你去一趟吧.""}]","[{200000026:""这次的木材真好,把它们都做成佛像.""}]","{200000037:""冀州侯的女儿真是貌若天仙.""}",,去朝歌找{200000037驿站小吏},去冀州采集{11011紫檀木},去冀州找{200000026苏护},2,0,36,0,,{11011:20},{11011:20},,,,,,,,,,,,,,,
20057,修整官道,2,,0,,0,,,,0,,0,0,0,0,0,200000026,200000026,"[{200000026:""山上的泥石经常滚到官道上,这样一来不单切断来往客商的通道,快要把我们冀州府的财路都断绝了.望少侠能去一趟冀州官道,扫清官道上的泥石.""}]","[{200000026:""吩咐商队,可以出发到朝歌了,通过的商队都要插上少侠的名号.""}]","{200000026:""路通财就通.""}",,去冀州找{200000026苏护},去冀州修葺{11012官道},去冀州找{200000026苏护},0,1,37,0,,,,,,,,,,,,,,,,,,
20058,车匪路霸,2,,0,,0,,,,0,,0,0,0,0,0,200000026,200000026,"[{200000026:""士兵来报,官道上出现了盗贼,强行要收取来往商人的过路费,官道堵塞时又没人出来清官道,现在能通商了,就想蚂蚁见到糖似的,都出现了.我兵一到,他们就逃散,我一收兵,他们又故技重施.希望少侠能代为击杀一下.""}]","[{200000026:""少侠乃是我冀州保护之神,我将少侠之名记入史册,以备后世敬仰.""}]","{200000026:""就连少侠都无法解决盗贼吗?""}",,去冀州找{200000026苏护},去冀州杀{100022盗贼},去冀州找{200000026苏护},2,3,37,0,{100022:30},,,,,,,,,,,,,,,,,
20059,祈福许愿,2,,0,,0,,,,0,,0,0,0,0,200010,200000027,200000027,"[{200000027:""冀州有一灵树叫通神木,冀州百姓只要在通神木上挂下许愿牌,通常都会心想事成.最近我见爹爹烦心事多,都想到通神木挂许愿牌,但是爹爹吩咐最近外面贼人横行,家眷不得出外.少侠是否可以代我到通神木挂上许愿牌?""}]","[{200000027:""通神木就在冀州平川岭深处.""}]","{200000027:""少侠的恩情,冀州的百姓都会记住的.""}",,去冀州找{200000027苏妲己},去冀州挂{200010许愿牌},去冀州找{200000027苏妲己},3,0,37,0,,,{200010:1},,,,,,,,,,,,,,,
20060,城中快递,2,,0,,0,,,,0,,0,0,0,0,0,200000028,200000028,"[{200000028:""朝廷今天下达了一个紧急政令,从明天开始就要执行了,虽然已经张贴皇榜,但是朝歌城这么大,也不一定人人都能马上知道.现在只要找人亲自通知城里最兴旺的4个店铺老板,让他们负责通知全城的人.""}]",,"{200000028:""政令马上要执行了,要尽快通知全城的人.""}",,,,,,,38,0,,,,,,,,,,,,,,,,,,
20061,异变白狼,2,,0,,0,,,,0,,0,0,0,0,0,200000035,200000037,"[{200000035:""近来听说有白狼出现在冀州,还有人问我这有没白狼卖,我从来也没见过有纯白色的狼,少侠帮帮我去冀州查探一下.""}]","[{200000037:""白色的狼?我见过啊!”}]","{200000035:""我都说了纯白色的小狼这种宠物了,看来其他人是在骗我.""}",,去朝歌找{200000035宠物店老板},去朝歌找{200000037驿站小吏},去朝歌找{200000037驿站小吏},0,2,38,0,,,,,,,,,,,,,,,,,,
20062,野兽本能,2,,0,,0,,,,0,,0,0,0,0,0,200000037,200000035,"[{200000037:""在冀州平川岭上经常能见到白色的狼,不过这种看似温纯,但其实很凶猛,一般人都不敢靠近他.见到它你要赶快跑啊!""},{0:""那倒要见识一下.""}]","[{{player}:""白狼凶残过人,不宜当宠物饲养.""},{200000035:""还好没有把它当宠物贩卖,不然伤人了,我可担当不起.""}]","{200000037:""那种凶残的白狼,你还是少见为妙.""}",,去朝歌找{200000037驿站小吏},去冀州杀{100023白狼},去朝歌找{200000035宠物店老板},1,0,38,0,{100023:30},,,,,,,,,,,,,,,,,
20063,名菜重现人间1,2,,0,,0,1,,,0,,0,0,0,0,0,200000034,200000043,"[{200000034:""听说朝歌酒楼里的大厨要做失传的名菜---雪山豆腐,传说雪山豆腐吃起来不单鲜滑多汁,而且还带有一种迷幻的香气,让人感觉精神百倍,不禁吃了还想吃.少侠能帮我去酒楼买一些回来么?""}]","[{200000043:""少侠也是因为雪山豆腐慕名而来的?""}]","{200000034:""真想知道雪山豆腐是怎么做的.""}",,去朝歌找{200000034贵妇人},去朝歌找{200000043酒楼老板},去朝歌找{200000043酒楼老板},0,2,39,0,,,,,,,,,,,,,,,,,,
20064,名菜重现人间2,2,,0,,0,1,,,0,,0,0,0,0,0,200000043,200000042,"[{200000043:""雪山豆腐乃是用各种珍贵食物材料一起烹制而成,入口鲜滑芳香,令人回味.现在只有我们大厨才能把这款已经失传500年的菜重现人间,不过最重要的还是基本材料--豆腐,今天城南的豆腐西施还未把豆腐送过来,麻烦少侠去一趟城南豆腐西施那里把豆腐取来.""}]","[{200000042:""快来吃我的豆腐啊,新鲜的豆腐!""}]","{200000043:""没有豆腐怎么做的出名菜雪山豆腐.""}",,去朝歌找{200000043酒楼老板},去朝歌找{200000042豆腐西施},去朝歌找{200000042豆腐西施},1,3,39,0,,,,,,,,,,,,,,,,,,
20065,名菜重现人间3,2,,0,,0,1,,,0,,0,0,0,0,0,200000042,200000042,"[{200000042:""我的豆腐都是一个祖宗流传下来的,做法与一般的豆腐不同,所以吃起来的口感也就大不一样了.不过这豆腐最主要的还是要放一样东西,就是冀州轩辕坟里的一种爆香菇.只要是放了这种爆香菇,什么东西吃起来都特别香,而且越吃越想吃.想吃到这种豆腐,要先去冀州轩辕坟里采集这种香菇.""}]","[{200000042:""少侠果然厉害,有了爆香菇,我马上给你做豆腐去.""}]","{200000042:""我的豆腐可不是那么随便就吃到的.""}",,去朝歌找{200000042豆腐西施},去轩辕坟内采集{11013爆香菇},去朝歌找{200000042豆腐西施},2,4,40,0,,{11013:1},{11013:1},,,,,,,,,,,,,,,
20066,名菜重现人间4,2,,0,,0,1,,,0,,0,0,0,0,200011,200000042,200000043,"[{200000042:""好了,这豆腐做好了,拿去给酒楼老板做菜吧!""}]","[{200000043:""豆腐总算来了,名菜可以重现人间了.""}]","{200000042:""豆腐拿好了,一摔就散的.""}",,去朝歌找{200000042豆腐西施},去朝歌找{200000043酒楼老板},去朝歌找{200000043酒楼老板},3,5,40,0,,,{200011:1},,,,,,,,,,,,,,,
20067,名菜重现人间5,2,,0,,0,1,,,0,,0,0,0,0,0,200000043,200000043,"[{200000043:""豆腐已经交给大厨了,不过就差了一样配料了,说起来很奇怪,原来这道名菜还需要一样最普通的材料,就是在朝歌城墙边上的鱼汤草.""}]","[{200000043:""这回名菜可以重现人间了.""}]","{200000043:""鱼汤草就在朝歌城墙边上生长随处可见.""}",,去朝歌找{200000043酒楼老板},去朝歌城墙边采集{11014鱼汤草},去朝歌找{200000043酒楼老板},4,6,40,0,,,,,,,,,,,,,,,,,,
20068,名菜重现人间6,2,,0,,0,1,,,0,,0,0,0,0,0,200000043,200000034,"[{200000043:""来一份给城西的贵妇人吧,她可是朝歌城里的食家,看她如何评价这款雪山豆腐.""}]","[{200000034:""果然是失传已久的名菜,吃下去爽滑鲜嫩,口感浓而不腻,但又没有掩盖豆腐原汁原味,而且咽后还有一股幽幽的香气,令齿颊留香.能吃上一次,就已经此生无憾了.""}]","{200000043:""快去吧,菜凉了,就失去原味了.""}",,去朝歌找{200000043酒楼老板},去朝歌找{200000034贵妇人},去朝歌找{200000034贵妇人},5,7,40,0,,,,,,,,,,,,,,,,,,
20069,人为财死1,2,,0,,0,2,,,0,,0,0,0,0,0,200000039,200000044,"[{200000039:""闻说冀州轩辕坟里有无数宝藏,听说已经有人因此而富霸一方,城里的贾侠客也去过一回,不知道是不是已经发财了?""}]","[{200000044:""我到过轩辕坟.""}]","{200000039:""不知道轩辕坟里有多少宝物?""}",,去朝歌找{200000039睡觉的胖子},去朝歌找{200000044贾侠客},去朝歌找{200000044贾侠客},6,8,39,0,,,,,,,,,,,,,,,,,,
20070,人为财死2,2,,0,,0,2,,,0,,0,0,0,0,0,200000044,200000037,"[{200000044:""轩辕坟里有妖怪,那个死胖子又说轩辕坟里宝藏无数,结果还未见到宝藏,就被一群不知道是什么的怪物给赶出来了,害我连家传的宝剑也丢在里面了.若是现在回家老爹一定打死我,我一见少侠就知道你是个非常人,如是要去轩辕坟,能顺道帮我找找祖传的宝剑吗?现在要轩辕坟有冀州驿站小吏负责把守,不是那么容易就能进去了.""},{0:""祖传之物岂可丢弃,我一定帮你取回来!""}]","[{200000037:""最近老是有人在轩辕坟附近打架,大家要警惕警惕.""}]","{200000044:""进了轩辕坟可是九死一生啊!""}",,去朝歌找{200000044贾侠客},去朝歌找{200000037驿站小吏},去朝歌找{200000037驿站小吏},7,9,39,0,,,,,,,,,,,,,,,,,,
20071,人为财死3,2,,0,,0,2,,,0,,0,0,0,0,0,200000037,200000037,"[{200000037:""虽然少侠和我甚为相熟,不过最近真是太多人去轩辕坟寻宝了,上头非常关注我也很难做啊!不过要是我醉了,那我就什么都看不见了,我那天看到朝歌酒楼老板把陈年老酿埋在附近,你懂的!""}]","[{200000037:""果然是陈年老酿,就闻着都能醉人.""}]","{200000037:""自从来了冀州,好久都没喝过酒楼的陈年老酿了.""}",,去朝歌找{200000037驿站小吏},去冀州挖掘{11015陈年老酿},去朝歌找{200000037驿站小吏},8,10,39,0,,{11015:1},{11015:1},,,,,,,,,,,,,,,
20072,人为财死4,2,,0,,0,2,,,0,,0,0,0,0,0,200000037,200000037,"[{200000037:""据说轩辕坟里怪物非常厉害,我见过好多硬闯入轩辕坟的人都没有出来过.少侠你是天之骄子,何必为了一个承诺而冒险去轩辕坟寻一个低贱侠客的宝剑呢.""},{0:""受人之托,忠人之事,这是我教基本教义.""}]","[{200000037:""少侠果然是上天派来的,轩辕坟内妖物自然不是少侠对手.""}]","{200000037:""少侠还是看清形势,知难而退吧.""}",,去朝歌找{200000037驿站小吏},,去朝歌找{200000037驿站小吏},9,11,40,0,,{11016:1},,,,,,,,,,,,,,,,
20073,人为财死5,2,,0,,0,2,,,0,,0,0,0,0,0,200000037,200000044,"[{200000037:""少侠手上宝剑是一古剑,价值不菲啊!留下给自己用吧,以后斩妖除魔必定很爽.""},{0:""这是别人祖传的东西,我不能独占.""}]","[{200000044:""大侠,进过轩辕坟了吗?""}]","{200000037:""你不说已去过轩辕坟，谁知道你已经取回宝剑",,去朝歌找{200000037驿站小吏},去朝歌找{200000044贾侠客},去朝歌找{200000044贾侠客},10,12,40,0,,,,,,,,,,,,,,,,,,
20074,人为财死6,2,,0,,0,2,,,0,,0,0,0,0,0,200000044,200000044,"[{200000044:""大侠能在轩辕坟里取回我家宝剑,必定见识过轩辕坟里的宝物,敢问大侠,轩辕坟里的有何宝物,让我再去寻宝寻宝.""},{0:""无论轩辕坟里有多少宝藏,以你现在的能力,都别再进去了,丢了宝剑事小,要是丢了性命,你怎么对得起你的父母.想再进轩辕坟,就回家好好练练吧.""}]","[{200000044:""多谢大侠教导,我会回家好好练的.""}]",,,去朝歌找{200000044贾侠客},去朝歌找{200000044贾侠客},去朝歌找{200000044贾侠客},11,0,40,0,,,{11016:1},,,,,,,,,,,,,,,
20075,尊师重道1,2,,0,,0,3,,,0,,0,0,0,0,0,200000016,200000023,"[{200000016:""我教虽然注重自身修为,不理凡俗之事,不过对一些敬重师长的人确实钦佩尤加.听说城里的算命先生是一个对师父极为尊重的人,他一直都有一件心事,你去看看能否帮他解决.""}]","[{200000023:""少侠是否要算个命?""}]","{200000016:""帮助别人,也是我教大义.""}",,去朝歌找{200000016西方教缘引人},去朝歌找{200000023算命先生},去朝歌找{200000023算命先生},0,2,39,0,,,,,,,,,,,,,,,,,,
20076,尊师重道2,2,,0,,0,3,,,0,,0,0,0,0,0,200000023,200000038,"[{200000023:""我年轻时年少气盛,为一时之气闯入轩辕坟,结果被困其中,师父为了救我,也闯入轩辕坟,结果我被救出来了,而师父就再也没有出来过,至今生死未卜.从此我再也没面见师父的女儿,只能常常叫人带一些生活费给她.""}]","[{200000038:""又是师兄叫你来送钱的?""}]","{200000023:""我对不起她,现在只能不是稍一些生活费给她,希望她生活过得好点.""}",,去朝歌找{200000023算命先生},去朝歌找{200000038晾衣服的妇人},去朝歌找{200000038晾衣服的妇人},1,3,39,0,,,,,,,,,,,,,,,,,,
20077,尊师重道3,2,,0,,0,3,,,0,,0,0,0,0,0,200000038,200000023,"[{200000038:""其实这事已经过了这么多年了,我也已经没有怪责师兄了,可是师兄还是不敢回来,虽然都是同住朝歌城,但感觉就像相隔千里一样,麻烦你告诉师兄,我早就原谅他了.""}]","[{200000023:""钱送给师妹了吗?""}]","{200000038:""师兄如此自责,也不能改变现状啊!""}",,去朝歌找{200000038晾衣服的妇人},去朝歌找{200000023算命先生},去朝歌找{200000023算命先生},2,4,39,0,,,,,,,,,,,,,,,,,,
20078,尊师重道4,2,,0,,0,3,,,0,,0,0,0,0,0,200000023,200000023,"[{200000023:""我也知道师妹已经不怪责我,除非我已经确实的知道师傅的生死,不然我都不能释怀.但是轩辕坟里的怪物实在太厉害了,以我的能力根本进不了去.""},{0:""先生无需苦恼,我愿代先生去一趟.""}]","[{200000023:""少侠真乃神人，可以在凶险的轩辕坟来去自如.""}]","{200000023:""轩辕坟凶险异常,恐怕少侠不能全身而退,我看还是算了吧.""}",,去朝歌找{200000023算命先生},,去朝歌找{200000023算命先生},3,5,40,0,,{11017:1},{11017:1},,,,,,,,,,,,,,,
20079,尊师重道5,2,,0,,0,3,,,0,,0,0,0,0,0,200000023,200000038,"[{200000023:""这是我师父随身佩戴的物件,想必师父已经丧身轩辕坟了,谢谢少侠,终于令我知道师父的下落,我现在去准备一下师父的丧礼.再麻烦一下少侠去朝歌城外摘采一束鲜花,带着我师父的遗物去找我师妹吧.""}]","[{200000038:""其实我心中早就预料了.""}]","{200000023:""城外就有鲜花.""}",,去朝歌找{200000023算命先生},去朝歌采集{11018鲜花},去朝歌找{200000038晾衣服的妇人},4,6,40,0,,{11018:1},{11018:1},,,,,,,,,,,,,,,
20080,尊师重道6,2,,0,,0,3,,,0,,0,0,0,0,0,200000038,200000016,"[{200000038:""我和师兄会处理我爹的后事了,谢谢少侠出手,我与师兄决定加入西方教,望少侠代为引见.""}]","[{200000016:""因为你的侠义心肠,又为我教广收了一些门徒,希望你能继续发扬下去.""}]","{200000038:""西方教门下果然是尊师重道的侠义之人,真希望能加入西方教.""}",,去朝歌找{200000038晾衣服的妇人},去朝歌找{200000016西方教缘引人},去朝歌找{200000016西方教缘引人},5,0,40,0,,,,,,,,,,,,,,,,,,
20081,寻味天下,2,,0,,0,,,,0,,0,0,0,0,0,200000018,200000053,"[{200000018:""朕闻得天下美味奇珍大致分两类,一为山珍,一为海味.山珍朕是吃遍天下了,但是海味朕缺很少见到.据闻陈塘关接近东海,朕也传令陈塘关内的朝歌总兵上贡一批,可现在还未见海鲜到朝.请你去一趟陈塘关,代朕追问总兵.""}]","[{200000053:""渔民最近都没有捕获海鲜.""}]","{200000018:""海鲜是蒸着吃?还是煮着吃好呢?""}",,去朝歌找{200000018纣王},去陈塘关找{200000053朝歌总兵},去陈塘关找{200000053朝歌总兵},0,2,40,0,,,,,,,,,,,,,,,,,,
20082,水族干涉,2,,0,,0,,,,0,,0,0,0,0,0,200000053,200000054,"[{200000053:""最近渔民都不能出海捕鱼,因为龙王的三太子的干扰,在海上掀风作浪,就算渔民捕捞上来的鱼获,也被他们抢回去,渔民们叫苦连天,刚才还有一个渔民来求助,就在附近.""}]","[{200000054:""辛辛苦苦打捞上来的鱼获被一班象螃蟹的一样的怪物取走了.""}]","{200000053:""渔民没有鱼获,快要饿死了.""}",,去陈塘关找{200000053朝歌总兵},去陈塘关找{200000054渔民},去陈塘关找{200000054渔民},1,3,40,0,,,,,,,,,,,,,,,,,,
20083,争夺海产,2,,0,,0,,,,0,,0,0,0,0,0,200000054,200000053,"[{200000054:""我们渔民生活的来源都是靠海里的鱼获,自从龙王三太子纵容手下上岸肆掠百姓之后,我们每次出海打渔都要偷偷摸摸,一被发现,不但是鱼获全部抢回,有时候还撞毁我们的船只,这叫我们还怎么生活.""}]","[{200000053:""总算为百姓出了一口恶气,而且对皇上也有交待了.""}]","{200000054:""难道要改行种地去?""}",,去陈塘关找{200000054渔民},去陈塘关杀{100024巨钳将},去陈塘关找{200000053朝歌总兵},2,0,40,0,,{11019:30},{11019:30},,,,,,,,,,,,,,,
20084,礼尚往来1,2,,0,,0,,,,0,,0,0,0,0,0,200000020,200000047,"[{200000020:""我夫人与陈塘关总兵李靖的夫人交往甚深,时时借传递军机的传送官互送礼物.长期下去会让军中之人非议.少侠请代为帮我送礼物到陈塘关殷三娘的地方.""}]","[{200000047:""姐姐太客气了.""}]","{200000020:""夫人之命不可违啊!""}",,去朝歌找{200000020黄飞虎},去陈塘关找{200000047殷三娘},去陈塘关找{200000047殷三娘},0,2,40,0,,,,,,,,,,,,,,,,,,
20085,礼尚往来2,2,,0,,0,,,,0,,0,0,0,0,0,200000047,200000047,"[{200000047:""姐姐如此大礼,我又岂可小气.每年陈塘关的海边在这个时候都会大退潮,那些平时深藏在海底的名贵珊瑚就会露出水面,请少侠到海边采集一些回来.""}]","[{200000047:""少侠采集回来的这个珊瑚实在是珊瑚中的经典啊!""}]","{200000047:""珊瑚经历几百年才能成形,估此名贵.""}",,去陈塘关找{200000047殷三娘},去陈塘关采集{11020珊瑚},去陈塘关找{200000047殷三娘},1,3,40,0,,{11020:1},{11020:1},,,,,,,,,,,,,,,
20086,礼尚往来3,2,,0,,0,,,,0,,0,0,0,0,0,200000047,200000020,"[{200000047:""我在珊瑚上镶嵌了一些宝石,这样看来更显贵气,毕竟是送武成王府的礼物,咱们不能小气,请代为送给武成王.""}]","[{200000020:""此珊瑚真是天下奇珍,少侠不被财宝迷惑,没有据为己有,此等品格与心胸实在令人佩服万分.""}]","{200000047:""镶嵌宝石的珊瑚更为名贵,少侠请小心运送.""}",,去陈塘关找{200000047殷三娘},去朝歌找{200000020黄飞虎},去朝歌找{200000020黄飞虎},2,0,40,0,,,,,,,,,,,,,,,,,,
20087,宰相的痛1,2,,0,,0,,,,0,,0,0,0,0,0,200000017,200000053,"[{200000017:""在一个月黑风高的晚上,我府中突然挂起一阵刺鼻的腥风,腥风过后,我府中珍藏的一份名家绝笔的画册不翼而飞了,现场只留下一摊水迹和几个不像人类的脚印.据说在陈塘关的朝歌总兵知道一些内情,请少侠帮我去查探查探.""}]","[{200000053:""能有胆量在宰相府里作案的,一定不是我类.""}]","{200000017:""我珍藏了十几年的名画啊!谁有胆量在我宰相府盗窃?""}",,去朝歌找{200000017商容},去陈塘关找{200000053朝歌总兵},去陈塘关找{200000053朝歌总兵},0,2,42,0,,,,,,,,,,,,,,,,,,
20088,宰相的痛2,2,,0,,0,,,,0,,0,0,0,0,0,200000053,200000053,"[{200000053:""据闻龙王三太子为了显示自己有文采,所以最近大肆收集名家书画,有时还不择手段地去偷去抢.所以宰相被盗一事,估计与龙王三太子有关.前去不远就是海边,经常有龙族的人出没,去查探一下必有线索.""}]
","[{200000053:""哎~~~好好的一副名画,又被一些低俗的怪物给糟蹋了.""}]","{200000053:""龙王三太子根本不懂书画,而且龙族在水中,所以往往都会把书画糟蹋.""}",,去陈塘关找{200000053朝歌总兵},去陈塘关杀{100018变异蟹},去陈塘关找{200000053朝歌总兵},1,3,42,0,,{11021:20},{11021:20},,,,,,,,,,,,,,,
20089,宰相的痛3,2,,0,,0,,,,0,,0,0,0,0,0,200000053,200000017,"[{200000053:""总是有一些对书画和艺术不懂装懂的人,往往把好好的书画给毁坏掉,还令爱画之人悲痛欲绝,宰相这回可伤心了.""}]","[{200000017:""天杀的三太子,本相跟你未完.""}]","{200000053:""就算只剩下残片,也要交还给相爷,起码算是有个交代.""}",,去陈塘关找{200000053朝歌总兵},去朝歌找{200000017商容},去朝歌找{200000017商容},2,0,42,0,,,,,,,,,,,,,,,,,,
20090,迷幻众生1,2,,0,,0,,,,0,,0,0,0,0,0,200000045,200000023,"[{200000045:""陈塘关副总兵是我大哥,自从在野外认识了一个不知来路的女子,之后就性情大变,不单对我们兄弟姐妹不理不睬,而且还常常出手打骂嫂子,弄得家无宁日.城里的算命先生见过我个一回,看他欲言又止的模样,肯定知道一些端倪.""}]","[{200000023:""天下之大无奇不有.""}]","{200000045:""莫非我哥中邪了?""}",,去朝歌找{200000045王葵},去朝歌找{200000023算命先生},去朝歌找{200000023算命先生},0,2,42,0,,,,,,,,,,,,,,,,,,
20091,迷幻众生2,2,,0,,0,,,,0,,0,0,0,0,0,200000023,200000023,"[{200000023:""王葵大哥?就是那个陈塘关的副总兵吗?哎,我那天一见到他,就知道他被妖邪骚扰,不过当时妖物正化为青烟在他身边,我不敢对他家人说.""},{0:""先生是否有解决之法?""},{2010:""解铃还须系铃人,我见过此妖物,应该是在陈塘关一带修炼的紫水妖,只要在紫水妖身上取回紫元气,我再加以配制丹药,便能摆脱此妖纠缠.""}]","[{200000023:""少侠果然有过人之处,如此凶猛妖物,竟然无法伤害你.""}]","{200000023:""此妖凶猛,稍有不慎必定为其所伤.""}",,去朝歌找{200000023算命先生},去陈塘关杀{100025紫水妖},去朝歌找{200000023算命先生},1,3,42,0,,{11022:20},{11022:20},,,,,,,,,,,,,,,
20092,迷幻众生3,2,,0,,0,,,,0,,0,0,0,0,200012,200000023,200000049,"[{200000023:""解除副总兵身上妖邪的药我已配制好,赶快拿去给副总兵,迟了恐怕性命不保.""}]","[{200000049:""这是什么?我闻闻~~~嗯?这是哪里,我怎么在这,我记得我是在家的啊?""}]","{200000023:""此妖吸取人精气速度甚快,救人如救火啊.""}",,去朝歌找{200000023算命先生},去陈塘关找{200000049副统领},去陈塘关找{200000049副统领},2,0,42,0,,,{200012:1},,,,,,,,,,,,,,,
20093,为民除害1,2,,0,,0,,,,0,,0,0,0,0,0,200000046,200000046,"[{200000046:""据村民来报,陈塘关出现了一群巨角野牛,这牛不怕人类,而且还会主动攻击,令附近百姓无法安宁,生活不能正常.少侠一派正义凛然,此等为民请命的举动,少侠应该不会推辞吧?""}]","[{200000046:""陈塘关百姓生活得以安定,你功不可没.""}]","{200000046:""这牛也太牛了吧,居然敢在我陈塘关撒野.""}",,去找陈塘关{200000046李靖},去陈塘关杀{100026巨角野牛},去找陈塘关{200000046李靖},0,2,44,0,{100026:40},,,,,,,,,,,,,,,,,
20094,为民除害2,2,,0,,0,,,,0,,0,0,0,0,0,200000046,200000046,"[{200000046:""少侠刚才杀野牛是有没有顺道把野牛的牛黄取出?""},{0:""没有啊?牛黄是什么东西?""},{3001:""牛黄是牛的胆囊结石,有很高的药用价值,现在朝歌药铺正需要牛黄医治病人,请少侠再次出手吧.""}]","[{200000046:""我从来没有怀疑过少侠的能力.""}]","{200000046:""牛黄可以称之为黄金.""}",,去找陈塘关{200000046李靖},去陈塘关杀{100026巨角野牛},去找陈塘关{200000046李靖},1,3,44,0,,{11023:30},{11023:30},,,,,,,,,,,,,,,
20095,为民除害3,2,,0,,0,,,,0,,0,0,0,0,200013,200000046,200000019,"[{200000046:""朝歌药材铺正等着这批牛黄治疗病人,请少侠速速前往朝歌.""}]","[{200000019:""朝歌人民欢迎你.""}]","{200000046:""朝歌人民等着你.""}",,去找陈塘关{200000046李靖},去朝歌找{200000019药材铺老板},去朝歌找{200000019药材铺老板},2,0,44,0,,,{200013:1},,,,,,,,,,,,,,,
20096,潮流触觉1,2,,0,,0,,,,0,,0,0,0,0,0,200000032,200000053,"[{200000032:""最近朝歌城里掀起一股莲花热,人人都抢着买莲花样式的饰品,我也要去找找那里有莲花可寻.陈塘关总兵大哥说已经帮我寻找到了,请少侠帮我走一趟吧.""}]","[{200000053:""没错,我知道那里有大量的莲花.""}]","{200000032:""干嘛不是菊花热呢?我有的是菊花.""}",,去朝歌找{200000032首饰铺掌柜},去陈塘关找{200000053朝歌总兵},去陈塘关找{200000053朝歌总兵},0,2,44,0,,,,,,,,,,,,,,,,,,
20097,潮流触觉2,2,,0,,0,,,,0,,0,0,0,0,0,200000053,200000047,"[{200000053:""陈塘关西南面有一大片莲花池,那里的莲花连绵数里,莲花花开之时,就成了一片莲花海,采之不尽.不过那里是由殷三娘的管理的,要进出莲香池必须得到殷三娘批准.""}]","[{200000047:""现在正是莲花盛开之际.""}]","{200000053:""殷三娘与莲有缘,家中都是有关莲的摆设.""}",,去陈塘关找{200000053朝歌总兵},去陈塘关找{200000047殷三娘},去陈塘关找{200000047殷三娘},1,3,44,0,,,,,,,,,,,,,,,,,,
20098,潮流触觉3,2,,0,,0,,,,0,,0,0,0,0,200014,200000047,200000032,"[{200000047:""少侠之前对我李家帮了许多忙,莲香池之地自然可以让少侠自由进出,少侠要采莲花,那就把我的花篮带上吧,这样采起来会方便一点.""}","[{200000032:""少侠威武,少侠荡漾.""}]","{200000047:""莲香池以后都可以让你自由进出.""}",,去陈塘关找{200000047殷三娘},去陈塘关采集{11024莲花},去朝歌找{200000032首饰铺掌柜},2,0,44,0,,{11024:1},{200015:1},,,,,,,,,,,,,,,
20099,严打龙族1,2,,0,,0,,,,0,,0,0,0,0,0,200000020,200000046,"[{200000020:""龙族太过分了,以前在陈塘关捣乱我们也算了,现在居然来到朝歌撒野,朝中许多大臣都受过龙族的欺凌.我们朝中大臣准备对龙族的一部份手下实行严打,皇上也默许了,你去一下陈塘关找李靖,商量一下可以对那些龙族下手.""}]","[{200000046:""我已拟定好对那些龙族进行严打了.""}]","{200000020:""龙族把我下订的海鲜都抢走了,实在可恶.""}",,,,,0,2,46,0,,,,,,,,,,,,,,,,,,
20100,严打龙族2,2,,0,,0,,,,0,,0,0,0,0,0,200000046,200000046,"[{200000046:""陈塘关以前龙族手下一般都不敢上岸惊扰百姓,与百姓之间相安无事.但是自从龙王三太子来了之后,经常带手下上岸闹事.渐渐地,龙族手下就在没有三太子的带领下,都大胆地上岸扰民.""},{0:""那现在要对什么龙族手下下手好呢?""},{200000046:""岩龟将,此怪仗着自己年岁甚大倚老卖老,不把其他龙族放入眼里,从它们下手,一方面可以对其他年轻的龙族有阻吓作用,另一方面,其他龙族也不会插手它们被赶杀的事情.""}]","[{200000046:""都说岩龟将好虐待.""}]","{200000046:""岩龟将行走缓慢,可以慢慢虐待它.""}",,去找陈塘关{200000046李靖},去陈塘关杀{100027岩龟将},去找陈塘关{200000046李靖},1,3,46,0,,{11025:20},{11025:20},,,,,,,,,,,,,,,
20101,严打龙族3,2,,0,,0,,,,0,,0,0,0,0,200016,200000046,200000046,"[{200000046:""我会把岩龟将的壳分别放于陈塘关和朝歌人群聚集之地以示警戒,让天下人民都知道朝廷不会一直忍让,麻烦少侠把一个岩龟壳放于海边耀眼之处,以示对龙族的惩戒.""}]","[{200000046:""我把剩下的龟壳做成了椅子,少侠来不来坐坐?""}]","{200000046:""龙族还敢上岸,我把它们都煮了吃.""}",,去找陈塘关{200000046李靖},,去找陈塘关{200000046李靖},2,0,46,0,,,,,,,,,,,,,,,,,,
20102,莲池幻境1,2,,0,,0,,,,0,,0,0,0,0,0,200000047,200000055,"[{200000047:""最近莲香池出现了怪事,常常无风起雾,而且还时时听到妩媚女子的笑声,我请了许多“高人”去辟邪镇妖,但是都一去无回.少侠威名与能力都直达天际,望少侠能去莲香池辟邪镇妖.我已派我家丫环在莲香池接应你.""}]","[{200000055:""我已在此等候多时.""}]","{200000047:""少侠一切小心,切莫又去无回.""}",,去陈塘关找{200000047殷三娘},去陈塘关找{200000055李府丫环},去陈塘关找{200000055李府丫环},0,2,46,0,,,,,,,,,,,,,,,,,,
20103,莲池幻境2,2,,0,,0,,,,0,,0,0,0,0,0,200000055,200000055,"[{200000055:""我曾在莲香池里见到一群能变大变小的女妖,它们还能躲在莲花里.""}]","[{200000055:""以后又可以去采莲子了.""}]","{200000055:""我一进莲香池就头晕.""}",,去陈塘关找{200000055李府丫环},去陈塘关杀{100028幻姬},去陈塘关找{200000055李府丫环},1,3,46,0,{100028:40},,,,,,,,,,,,,,,,,
20104,莲池幻境3,2,,0,,0,,,,0,,0,0,0,0,0,200000055,200000047,"[{200000055:""我先去准备采莲,你把这个好消息告诉夫人吧.""}]","[{200000047:""什么事到了少侠那都能引刃而解.""}]","{200000047:""莲花、莲子、莲藕一起采.""}",,去陈塘关找{200000055李府丫环},去陈塘关找{200000047殷三娘},去陈塘关找{200000047殷三娘},2,0,46,0,,,,,,,,,,,,,,,,,,
20105,陈塘蝶影1,2,,0,,0,,,,0,,0,0,0,0,20017,200000046,200000046,"[{200000046:""村民说在陈塘关见到像人一样大的蝴蝶,我还真不相信,你能去帮我看看么?""}]","[{200000046:""哇。。果然有像人一样大的蝴蝶喔.""}]","{200000046:""没见过人一样大的蝴蝶,是村民们眼花了吧.""}",,去找陈塘关{200000046李靖},去陈塘关杀{100029幻彩迷蝶},去找陈塘关{200000046李靖},0,2,48,0,,{11026:30},{11026:30},,,,,,,,,,,,,,,
20106,陈塘蝶影2,2,,0,,0,,,,0,,0,0,0,0,0,200000046,200000047,"[{200000046:""我从来没有见过这种蝴蝶,陈塘关出现这种东西不知是福是祸.我夫人俾我见识广博,你去问问她.""}]","[{200000047:""少侠拿着的是什么?""}]","{200000046:""陈塘关怎么尽出些怪异东西.""}",,去找陈塘关{200000046李靖},去陈塘关找{200000047殷三娘},去陈塘关找{200000047殷三娘},1,3,48,0,,,,,,,,,,,,,,,,,,
20107,陈塘蝶影3,2,,0,,0,,,,0,,0,0,0,0,0,200000047,200000017,"[{200000047:""这么大一只也叫蝴蝶?我也是头一回见过,实在不知道是东西.朝歌宰相商容学富五车,应该能懂此物来由.""}]","[{200000017:""此物叫幻彩迷蝶,本不应如此巨大,只要是长期吃了腐烂食物,才会变得如此巨大,常人见到此物,最好敬而远之.""}]","{200000047:""如果连宰相都不知道此物是什么,那恐怕只有神仙才知道了.""}",,去陈塘关找{200000047殷三娘},去朝歌找{200000017商容},去朝歌找{200000017商容},2,0,48,0,,,{200017:1},,,,,,,,,,,,,,,
20108,拖延量劫1,2,,0,,0,1,,,0,,0,0,0,0,0,200000014,200000046,"[{200000014:""无量量劫越来越接近了,教主有示,龙血可以拖延无量量劫来临,陈塘关李靖知道龙宫入口,希望你能去一趟龙宫,问龙王要一滴龙血回来.”","[{200000046:""少侠要去龙宫?""}]","{200000014:""以龙血拖延无量量劫也是不得以的办法.""}",,去朝歌找{200000014阐教缘引人},去找陈塘关{200000046李靖},去找陈塘关{200000046李靖},0,2,50,0,,,,,,,,,,,,,,,,,,
20109,拖延量劫1,2,,0,,0,2,,,0,,0,0,0,0,0,200000015,200000046,"[{200000015:""无量量劫越来越接近了,教主有示,龙血可以拖延无量量劫来临,陈塘关李靖知道龙宫入口,希望你能去一趟龙宫,问龙王要一滴龙血回来.”","[{200000046:""少侠要去龙宫?""}]","{200000015:""以龙血拖延无量量劫也是不得以的办法.""}",,去朝歌找{200000015截教缘引人},去找陈塘关{200000046李靖},去找陈塘关{200000046李靖},0,2,50,0,,,,,,,,,,,,,,,,,,
20110,拖延量劫1,2,,0,,0,3,,,0,,0,0,0,0,0,200000016,200000046,"[{200000016:""无量量劫越来越接近了,教主有示,龙血可以拖延无量量劫来临,陈塘关李靖知道龙宫入口,希望你能去一趟龙宫,问龙王要一滴龙血回来.”","[{200000046:""少侠要去龙宫?""}]","{200000016:""以龙血拖延无量量劫也是不得以的办法.""}",,去朝歌找{200000016西方教缘引人},去找陈塘关{200000046李靖},去找陈塘关{200000046李靖},0,2,50,0,,,,,,,,,,,,,,,,,,
20111,拖延量劫2,2,,0,,0,1,,,0,,0,0,0,0,0,200000046,200000014,"[{200000046:""龙宫是个非常危险的地方,但以少侠的身手应该没问题,我愿意未少侠指引.""}]","[{200000014:""我教门徒做事果然干净利索.""}]","{200000046:""龙宫是个危险之地.""}",,去找陈塘关{200000046李靖},,去朝歌找{200000014阐教缘引人},1,3,50,0,,{11027:1},{11027:1},,,,,,,,,,,,,,,
20112,拖延量劫2,2,,0,,0,2,,,0,,0,0,0,0,0,200000046,200000015,"[{200000046:""龙宫是个非常危险的地方,但以少侠的身手应该没问题,我愿意未少侠指引.""}]","[{200000015:""我教门徒做事果然干净利索.""}]","{200000046:""龙宫是个危险之地.""}",,去找陈塘关{200000046李靖},,去朝歌找{200000015截教缘引人},1,3,50,0,,{11027:1},{11027:1},,,,,,,,,,,,,,,
20113,拖延量劫2,2,,0,,0,3,,,0,,0,0,0,0,0,200000046,200000016,"[{200000046:""龙宫是个非常危险的地方,但以少侠的身手应该没问题,我愿意未少侠指引.""}]","[{200000016:""我教门徒做事果然干净利索.""}]","{200000046:""龙宫是个危险之地.""}",,去找陈塘关{200000046李靖},,去朝歌找{200000016西方教缘引人},1,3,50,0,,{11027:1},{11027:1},,,,,,,,,,,,,,,
20114,拖延量劫3,2,,0,,0,1,,,0,,0,0,0,0,0,200000014,200000014,"[{200000014:""无量量劫越来越接近了,用龙血延迟量劫亦只是一时权宜之计,如再不集齐封神榜,仙界必将大乱.""},{0:""我必尽快完成封神大业.""}]","[{200000014:""上届众仙都要靠你了.""}",,,去朝歌找{200000014阐教缘引人},去朝歌找{200000014阐教缘引人},去朝歌找{200000014阐教缘引人},2,0,50,0,,,,,,,,,,,,,,,,,,
20115,拖延量劫3,2,,0,,0,2,,,0,,0,0,0,0,0,200000015,200000015,"[{200000015:""无量量劫越来越接近了,用龙血延迟量劫亦只是一时权宜之计,如再不集齐封神榜,仙界必将大乱.""},{0:""我必尽快完成封神大业.""}]","[{200000015:""上届众仙都要靠你了.""}",,,去朝歌找{200000015截教缘引人},去朝歌找{200000015截教缘引人},去朝歌找{200000015截教缘引人},2,0,50,0,,,,,,,,,,,,,,,,,,
20116,拖延量劫3,2,,0,,0,3,,,0,,0,0,0,0,0,200000016,200000016,"[{200000016:""无量量劫越来越接近了,用龙血延迟量劫亦只是一时权宜之计,如再不集齐封神榜,仙界必将大乱.""},{0:""我必尽快完成封神大业.""}]","[{200000016:""上届众仙都要靠你了.""}",,,去朝歌找{200000016西方教缘引人},去朝歌找{200000016西方教缘引人},去朝歌找{200000016西方教缘引人},2,0,50,0,,,,,,,,,,,,,,,,,,
,,,,,,,,,,,,,,,,,,,,,,,,,,,,,,,,,,,,,,,,,,,,,,,
30001,,3,,0,,0,,,,,,,,,,,,,,,,,,,,,,,,,,,,,,,,,,,,,,,,,
